12/05/2010,00:00,80.20,81.71,79.93,81.18,259
13/05/2010,00:00,81.18,81.68,79.70,79.73,252
14/05/2010,00:00,79.73,80.00,76.79,78.04,474
17/05/2010,00:00,78.04,78.46,74.75,75.76,515
18/05/2010,00:00,75.76,76.59,74.01,74.04,345
19/05/2010,00:00,74.04,74.50,72.71,73.75,330
20/05/2010,00:00,73.75,74.23,70.20,70.82,514
21/05/2010,00:00,70.82,72.79,70.56,71.79,350
24/05/2010,00:00,71.79,72.26,70.89,70.92,188
25/05/2010,00:00,70.92,70.95,68.15,70.54,523
26/05/2010,00:00,70.54,72.07,69.68,71.14,419
27/05/2010,00:00,71.14,74.95,71.07,74.70,421
28/05/2010,00:00,74.70,75.73,73.28,74.01,422
31/05/2010,00:00,74.01,74.81,74.01,74.81,81
01/06/2010,00:00,74.81,75.39,71.51,72.31,527
02/06/2010,00:00,72.31,74.62,71.96,74.50,314
03/06/2010,00:00,74.50,75.57,73.79,75.25,282
04/06/2010,00:00,75.25,76.54,71.48,71.54,642
07/06/2010,00:00,71.54,72.95,70.50,71.51,488
08/06/2010,00:00,71.51,72.70,71.26,72.50,190
09/06/2010,00:00,72.50,74.75,72.01,73.92,407
10/06/2010,00:00,73.92,75.87,73.68,75.37,294
11/06/2010,00:00,75.37,75.71,73.59,74.51,339
14/06/2010,00:00,74.51,76.32,74.43,75.10,320
15/06/2010,00:00,75.10,77.18,74.79,77.18,271
16/06/2010,00:00,77.18,78.56,76.59,78.09,304
17/06/2010,00:00,78.09,79.09,77.64,78.45,255
18/06/2010,00:00,78.45,78.85,77.25,78.48,318
21/06/2010,00:00,78.48,79.85,77.73,78.76,397
22/06/2010,00:00,78.76,79.12,77.56,77.98,235
23/06/2010,00:00,77.98,78.18,75.54,76.03,334
24/06/2010,00:00,76.03,76.70,75.40,76.42,222
25/06/2010,00:00,76.42,78.50,75.71,78.14,387
28/06/2010,00:00,78.14,78.65,77.06,77.75,280
29/06/2010,00:00,77.75,77.75,74.81,75.25,339
30/06/2010,00:00,75.25,76.25,74.01,74.29,353
01/07/2010,00:00,74.29,74.54,71.50,72.78,458
02/07/2010,00:00,72.78,72.79,71.20,71.89,230
05/07/2010,00:00,72.06,72.23,70.76,71.31,220
06/07/2010,00:00,71.31,73.28,71.00,71.73,415
07/07/2010,00:00,71.73,74.43,70.87,74.09,477
08/07/2010,00:00,74.09,75.25,73.70,75.15,205
09/07/2010,00:00,75.15,75.85,74.40,75.56,250
12/07/2010,00:00,75.46,75.71,73.84,73.98,227
13/07/2010,00:00,73.98,76.98,73.67,76.28,433
14/07/2010,00:00,76.28,77.79,76.04,76.43,336
15/07/2010,00:00,76.43,77.43,75.28,75.96,384
16/07/2010,00:00,75.96,76.48,74.64,75.21,294
19/07/2010,00:00,75.15,77.20,74.76,75.84,420
20/07/2010,00:00,75.84,76.50,74.75,76.07,328
21/07/2010,00:00,76.07,77.20,75.06,75.07,329
22/07/2010,00:00,75.07,77.92,74.90,77.56,356
23/07/2010,00:00,77.56,78.09,76.92,77.45,224
26/07/2010,00:00,77.79,77.90,76.54,77.45,239
27/07/2010,00:00,77.45,78.25,75.48,75.95,405
28/07/2010,00:00,75.95,76.40,74.79,76.20,298
29/07/2010,00:00,76.20,78.15,75.59,77.39,394
30/07/2010,00:00,77.39,78.31,76.20,78.29,333
02/08/2010,00:00,78.35,81.20,78.26,80.87,337
03/08/2010,00:00,80.87,82.79,80.64,82.50,268
04/08/2010,00:00,82.50,82.85,81.59,81.85,188
05/08/2010,00:00,81.85,82.09,81.04,81.50,176
06/08/2010,00:00,81.50,82.17,79.56,80.37,410
09/08/2010,00:00,80.51,81.37,80.31,80.56,208
10/08/2010,00:00,80.56,80.56,78.50,79.54,311
11/08/2010,00:00,79.54,79.54,76.62,76.76,307
12/08/2010,00:00,76.76,77.56,75.25,76.29,416
13/08/2010,00:00,76.29,76.43,74.67,75.12,236
16/08/2010,00:00,75.43,75.79,74.53,75.54,242
17/08/2010,00:00,75.54,77.68,75.50,76.71,320
18/08/2010,00:00,76.71,76.78,75.29,76.51,279
19/08/2010,00:00,76.51,77.17,75.00,75.37,321
20/08/2010,00:00,75.37,75.67,74.00,74.26,224
23/08/2010,00:00,74.56,74.90,73.15,73.45,240
24/08/2010,00:00,73.45,73.45,72.09,72.81,209
25/08/2010,00:00,72.81,73.90,71.75,73.81,331
26/08/2010,00:00,73.81,75.54,73.37,74.64,352
27/08/2010,00:00,74.64,76.93,74.39,76.35,338
30/08/2010,00:00,76.60,76.68,75.90,76.00,97
31/08/2010,00:00,76.00,76.78,74.20,75.03,420
01/09/2010,00:00,75.03,76.73,74.65,75.90,330
02/09/2010,00:00,75.90,77.12,75.20,76.50,325
03/09/2010,00:00,76.50,77.43,75.32,76.45,418
06/09/2010,00:00,76.43,77.17,76.35,76.90,118
07/09/2010,00:00,76.90,78.29,75.54,77.21,520
08/09/2010,00:00,77.21,78.82,76.76,78.21,313
09/09/2010,00:00,78.21,78.81,77.00,77.09,251
10/09/2010,00:00,77.09,78.37,77.04,78.15,161
13/09/2010,00:00,78.65,79.46,78.23,79.14,198
14/09/2010,00:00,79.14,79.89,78.46,79.01,274
15/09/2010,00:00,79.01,79.51,78.48,79.01,207
16/09/2010,00:00,79.01,79.62,77.87,78.84,334
17/09/2010,00:00,78.84,79.45,77.23,77.90,351
20/09/2010,00:00,78.57,79.90,77.62,79.26,388
21/09/2010,00:00,79.26,79.98,77.96,78.29,308
22/09/2010,00:00,78.29,78.82,77.48,77.68,208
23/09/2010,00:00,77.68,78.46,76.75,77.87,324
24/09/2010,00:00,77.87,79.39,77.68,78.84,246
27/09/2010,00:00,78.81,79.18,77.59,78.18,256
28/09/2010,00:00,78.18,79.51,77.73,79.17,258
29/09/2010,00:00,79.17,81.00,78.29,80.73,387
30/09/2010,00:00,80.73,82.70,80.40,82.65,269
01/10/2010,00:00,82.65,83.79,82.50,83.73,151
04/10/2010,00:00,83.73,84.40,82.90,83.00,228
05/10/2010,00:00,83.00,84.90,82.93,84.73,222
06/10/2010,00:00,84.73,85.87,84.25,85.31,267
07/10/2010,00:00,85.31,86.01,82.93,83.40,426
08/10/2010,00:00,83.40,84.56,81.84,84.14,471
11/10/2010,00:00,84.90,85.00,83.50,83.62,173
12/10/2010,00:00,83.62,84.40,82.92,84.15,244
13/10/2010,00:00,84.15,85.48,84.06,85.46,154
14/10/2010,00:00,85.46,85.73,83.70,84.23,284
15/10/2010,00:00,84.23,84.48,81.92,82.56,346
18/10/2010,00:00,81.95,84.48,81.53,83.85,401
19/10/2010,00:00,83.85,84.14,80.70,81.73,477
20/10/2010,00:00,81.73,83.71,81.45,83.09,317
21/10/2010,00:00,83.09,83.85,81.43,82.34,410
22/10/2010,00:00,82.34,83.23,81.82,83.20,197
25/10/2010,00:00,83.54,84.18,82.70,83.29,272
26/10/2010,00:00,83.29,83.87,82.96,83.23,177
27/10/2010,00:00,83.23,83.37,81.84,83.28,302
28/10/2010,00:00,83.28,83.84,82.96,83.26,175
29/10/2010,00:00,83.26,83.56,82.20,83.07,254
01/11/2010,00:00,83.21,85.53,83.18,84.92,300
02/11/2010,00:00,84.92,85.87,84.51,85.68,197
03/11/2010,00:00,85.68,86.92,85.23,86.90,217
04/11/2010,00:00,86.90,88.70,86.90,88.68,183
05/11/2010,00:00,88.68,88.78,87.31,88.25,252
08/11/2010,00:00,88.10,88.76,87.56,88.37,214
09/11/2010,00:00,88.37,89.23,87.37,88.07,343
10/11/2010,00:00,88.07,89.60,87.90,89.45,203
11/11/2010,00:00,89.45,89.84,87.76,87.92,264
12/11/2010,00:00,87.92,88.21,86.06,86.15,254
15/11/2010,00:00,86.60,87.48,86.34,86.48,217
16/11/2010,00:00,86.48,86.59,84.50,84.70,241
17/11/2010,00:00,84.70,85.04,82.95,84.28,377
18/11/2010,00:00,84.28,85.48,84.00,84.76,249
19/11/2010,00:00,84.76,86.14,83.85,84.37,420
22/11/2010,00:00,84.95,85.43,83.09,83.18,292
23/11/2010,00:00,83.18,83.98,82.43,83.00,293
24/11/2010,00:00,83.00,86.23,83.00,85.62,385
25/11/2010,00:00,85.62,86.48,85.40,85.70,209
26/11/2010,00:00,85.70,85.93,84.73,85.78,233
29/11/2010,00:00,86.04,87.56,85.56,86.70,335
30/11/2010,00:00,86.70,87.43,85.40,86.20,357
01/12/2010,00:00,86.20,89.01,86.18,88.73,314
02/12/2010,00:00,88.73,90.81,88.62,90.57,255
03/12/2010,00:00,90.57,91.84,90.09,91.54,254
06/12/2010,00:00,91.57,92.01,90.84,90.93,171
07/12/2010,00:00,90.93,92.84,90.26,90.29,453
08/12/2010,00:00,90.29,91.71,90.14,91.12,232
09/12/2010,00:00,91.12,91.62,90.26,91.15,270
10/12/2010,00:00,91.15,91.54,89.85,90.54,278
13/12/2010,00:00,90.84,92.28,90.56,90.85,344
14/12/2010,00:00,90.85,91.71,90.67,91.09,185
15/12/2010,00:00,91.09,92.40,90.32,92.01,325
16/12/2010,00:00,92.01,92.23,91.56,91.90,124
17/12/2010,00:00,91.90,92.37,90.90,91.56,261
20/12/2010,00:00,91.50,92.96,91.01,92.53,288
21/12/2010,00:00,92.53,93.50,92.34,93.42,144
22/12/2010,00:00,93.42,93.93,93.25,93.68,111
23/12/2010,00:00,93.68,94.71,93.28,94.53,202
24/12/2010,00:00,94.53,94.71,93.18,93.20,174
27/12/2010,00:00,94.20,94.50,93.07,93.71,238
28/12/2010,00:00,93.71,94.40,93.65,94.12,110
29/12/2010,00:00,94.12,94.37,93.62,94.25,138
30/12/2010,00:00,94.25,94.40,92.34,93.04,292
31/12/2010,00:00,93.04,94.73,92.18,94.51,364
03/01/2011,00:00,95.04,96.15,94.54,94.95,314
04/01/2011,00:00,94.95,95.71,92.56,93.25,461
05/01/2011,00:00,93.25,95.81,92.35,95.23,495
06/01/2011,00:00,95.23,96.09,93.68,93.93,353
07/01/2011,00:00,93.93,94.53,92.59,93.54,350
10/01/2011,00:00,94.03,95.87,93.59,95.43,317
11/01/2011,00:00,95.43,97.81,95.07,97.59,333
12/01/2011,00:00,97.59,98.84,97.28,98.34,238
13/01/2011,00:00,98.34,98.65,97.28,98.35,274
14/01/2011,00:00,98.35,99.20,97.65,98.53,293
17/01/2011,00:00,98.45,98.46,97.35,97.68,146
18/01/2011,00:00,97.68,98.35,96.59,97.79,342
19/01/2011,00:00,97.79,98.57,97.45,97.90,214
20/01/2011,00:00,97.90,98.03,95.43,96.46,377
21/01/2011,00:00,96.46,97.82,96.42,97.59,168
24/01/2011,00:00,98.03,98.14,96.20,96.48,234
25/01/2011,00:00,96.48,96.67,94.75,95.68,305
26/01/2011,00:00,95.68,98.31,95.56,97.70,349
27/01/2011,00:00,97.70,98.93,97.15,97.73,354
28/01/2011,00:00,97.73,99.71,97.12,99.31,361
31/01/2011,00:00,99.65,101.70,98.50,100.51,555
01/02/2011,00:00,100.51,102.06,100.18,101.71,257
02/02/2011,00:00,101.71,103.31,101.29,103.12,264
03/02/2011,00:00,103.12,103.29,101.40,101.98,265
04/02/2011,00:00,101.98,102.45,99.48,99.89,386
07/02/2011,00:00,100.18,101.34,99.39,99.84,357
08/02/2011,00:00,99.84,100.93,98.10,100.75,476
09/02/2011,00:00,100.75,102.70,100.67,102.53,229
10/02/2011,00:00,102.53,103.31,101.06,102.00,398
11/02/2011,00:00,102.00,102.51,100.51,101.31,332
14/02/2011,00:00,101.62,104.26,100.90,103.45,490
15/02/2011,00:00,103.45,104.01,101.29,101.93,393
16/02/2011,00:00,101.93,104.51,101.90,104.15,301
17/02/2011,00:00,104.15,104.23,102.35,102.62,224
18/02/2011,00:00,102.62,103.48,100.73,103.03,510
21/02/2011,00:00,103.56,108.64,103.56,107.15,658
22/02/2011,00:00,107.15,108.54,105.56,106.34,516
23/02/2011,00:00,106.34,112.98,106.31,112.50,719
24/02/2011,00:00,112.50,119.46,109.59,112.31,1956
25/02/2011,00:00,112.31,113.90,110.73,112.23,627
28/02/2011,00:00,114.29,114.31,111.28,112.40,418
01/03/2011,00:00,112.40,116.76,111.81,115.64,667
02/03/2011,00:00,115.64,117.79,114.53,116.65,552
03/03/2011,00:00,116.65,116.81,113.62,114.84,458
04/03/2011,00:00,114.84,116.46,114.81,115.82,233
07/03/2011,00:00,117.15,118.48,114.31,114.50,570
08/03/2011,00:00,114.50,115.29,112.12,112.54,439
09/03/2011,00:00,112.54,116.54,112.15,116.34,499
10/03/2011,00:00,116.34,116.48,113.51,115.29,490
11/03/2011,00:00,115.29,115.34,112.25,113.28,418
14/03/2011,00:00,111.93,114.09,111.25,111.62,538
15/03/2011,00:00,111.62,112.71,107.29,107.87,710
16/03/2011,00:00,107.87,111.95,107.87,110.12,592
17/03/2011,00:00,110.12,116.45,110.01,116.15,686
18/03/2011,00:00,116.15,117.25,113.06,114.68,692
21/03/2011,00:00,115.65,116.18,114.59,114.87,241
22/03/2011,00:00,114.87,116.37,114.15,115.65,367
23/03/2011,00:00,115.65,116.31,115.01,115.23,219
24/03/2011,00:00,115.23,116.03,114.50,115.90,240
25/03/2011,00:00,115.90,116.09,115.20,115.75,164
28/03/2011,00:00,115.42,115.92,114.04,114.31,266
29/03/2011,00:00,114.31,115.62,113.54,114.78,370
30/03/2011,00:00,114.78,115.68,114.56,115.54,149
31/03/2011,00:00,115.54,117.87,115.32,117.34,331
01/04/2011,00:00,117.34,119.12,116.76,119.04,303
04/04/2011,00:00,118.95,121.29,118.70,120.84,330
05/04/2011,00:00,120.84,122.87,119.98,121.76,487
06/04/2011,00:00,121.76,123.35,121.46,121.75,378
07/04/2011,00:00,121.75,123.39,121.37,123.37,243
08/04/2011,00:00,123.37,126.90,123.15,126.71,417
11/04/2011,00:00,125.37,126.01,121.40,121.89,575
12/04/2011,00:00,121.89,124.78,119.54,120.90,950
13/04/2011,00:00,120.90,122.71,119.73,122.04,483
14/04/2011,00:00,122.04,122.81,121.14,122.10,329
15/04/2011,00:00,122.10,124.01,121.59,123.56,339
18/04/2011,00:00,123.07,123.15,121.00,121.40,264
19/04/2011,00:00,121.40,122.28,119.04,121.78,611
20/04/2011,00:00,121.78,124.20,121.65,123.84,1514
21/04/2011,00:00,123.84,124.79,123.20,123.95,1481
25/04/2011,00:00,123.95,124.73,122.70,123.45,1148
26/04/2011,00:00,123.45,124.39,122.78,123.71,1364
27/04/2011,00:00,123.71,125.79,123.25,125.45,1592
28/04/2011,00:00,125.45,126.64,124.06,124.59,1926
29/04/2011,00:00,124.59,126.06,124.25,126.06,1188
02/05/2011,00:00,126.06,126.53,121.67,124.40,2580
03/05/2011,00:00,124.40,124.96,121.75,122.07,2117
04/05/2011,00:00,122.07,123.04,120.48,120.62,1753
05/05/2011,00:00,120.62,121.93,109.01,110.73,3345
06/05/2011,00:00,110.73,114.23,105.12,109.93,5471
09/05/2011,00:00,109.93,116.51,109.20,115.43,3140
10/05/2011,00:00,115.43,117.93,113.57,117.48,3057
11/05/2011,00:00,117.48,118.42,111.95,112.73,2943
12/05/2011,00:00,112.73,114.51,110.15,112.87,3490
13/05/2011,00:00,112.87,114.90,111.71,113.87,2705
16/05/2011,00:00,113.84,113.84,110.12,110.18,2120
17/05/2011,00:00,110.18,111.76,108.06,110.54,2368
18/05/2011,00:00,110.54,113.07,110.39,112.15,1735
19/05/2011,00:00,112.15,113.01,111.15,111.40,1801
20/05/2011,00:00,111.40,112.87,108.59,112.29,2112
23/05/2011,00:00,112.29,112.29,108.59,109.67,1898
24/05/2011,00:00,109.67,112.64,109.54,112.15,1984
25/05/2011,00:00,112.15,115.04,111.12,114.79,1846
26/05/2011,00:00,114.79,115.46,114.09,114.84,1581
27/05/2011,00:00,114.84,115.65,114.42,114.93,1318
30/05/2011,00:00,114.93,115.14,114.21,115.14,576
31/05/2011,00:00,114.54,117.46,114.54,116.40,1524
01/06/2011,00:00,116.40,117.26,113.87,114.01,1861
02/06/2011,00:00,114.01,115.93,113.73,115.71,1902
03/06/2011,00:00,115.71,116.23,113.40,116.06,1796
06/06/2011,00:00,116.04,116.04,113.95,114.18,1700
07/06/2011,00:00,114.18,117.40,113.79,116.87,1617
08/06/2011,00:00,116.87,118.57,115.73,117.60,1885
09/06/2011,00:00,117.60,119.84,117.37,119.45,1743
10/06/2011,00:00,119.45,120.06,117.62,118.40,1662
13/06/2011,00:00,118.40,119.71,116.51,118.09,1987
14/06/2011,00:00,118.09,119.98,117.84,119.10,1415
15/06/2011,00:00,119.10,119.35,112.31,113.59,2535
16/06/2011,00:00,113.59,114.93,112.54,113.92,2277
17/06/2011,00:00,113.92,114.28,111.06,113.20,2383
20/06/2011,00:00,113.20,113.23,111.23,111.37,1583
21/06/2011,00:00,111.37,113.09,109.92,110.76,2135
22/06/2011,00:00,110.76,114.45,110.34,113.25,1841
23/06/2011,00:00,113.25,113.39,105.70,108.60,2927
24/06/2011,00:00,108.60,108.60,103.65,105.60,2841
27/06/2011,00:00,105.60,106.71,102.29,106.59,2329
28/06/2011,00:00,106.59,109.04,105.34,108.54,1845
29/06/2011,00:00,108.54,112.64,108.07,112.31,2363
30/06/2011,00:00,112.31,113.23,110.71,111.75,2294
01/07/2011,00:00,111.75,112.48,109.53,111.45,2177
04/07/2011,00:00,111.45,112.12,111.03,111.59,1081
05/07/2011,00:00,111.37,114.43,110.45,113.73,1970
06/07/2011,00:00,113.73,114.29,111.90,114.20,1931
07/07/2011,00:00,114.20,118.68,113.73,118.34,1876
08/07/2011,00:00,118.34,119.85,116.87,118.21,2356
11/07/2011,00:00,118.23,118.23,114.51,116.29,2358
12/07/2011,00:00,116.29,116.98,114.18,116.07,1930
13/07/2011,00:00,116.07,118.82,115.78,117.51,1906
14/07/2011,00:00,117.51,118.31,115.40,116.40,1925
15/07/2011,00:00,116.40,117.73,115.15,117.54,1659
18/07/2011,00:00,117.54,117.60,114.84,116.23,1849
19/07/2011,00:00,116.23,118.42,116.07,117.18,1677
20/07/2011,00:00,117.18,118.84,117.04,118.10,1474
21/07/2011,00:00,118.10,119.23,116.62,117.78,1702
22/07/2011,00:00,117.78,118.79,117.34,118.53,1382
25/07/2011,00:00,118.51,118.51,116.92,117.62,1333
26/07/2011,00:00,117.62,119.03,116.53,118.00,1602
27/07/2011,00:00,118.00,118.48,117.18,117.53,1315
28/07/2011,00:00,117.53,118.67,117.04,117.21,1358
29/07/2011,00:00,117.21,117.68,115.75,116.73,1189
01/08/2011,00:00,116.71,119.93,114.79,116.57,2360
02/08/2011,00:00,116.57,118.35,115.53,115.79,2146
03/08/2011,00:00,115.79,116.29,112.85,113.43,1862
04/08/2011,00:00,113.43,113.71,107.03,107.54,2461
05/08/2011,00:00,107.54,110.17,104.29,109.40,4325
08/08/2011,00:00,109.40,109.40,102.70,103.70,3364
09/08/2011,00:00,103.70,105.87,98.65,104.34,5388
10/08/2011,00:00,104.34,107.09,103.54,105.51,3247
11/08/2011,00:00,105.51,108.18,104.40,107.95,3176
12/08/2011,00:00,107.95,109.09,106.85,107.79,2119
15/08/2011,00:00,107.79,109.89,107.20,109.40,1907
16/08/2011,00:00,109.40,109.89,108.03,109.32,1552
17/08/2011,00:00,109.32,111.70,109.04,110.51,1635
18/08/2011,00:00,110.51,110.75,106.26,106.54,2107
19/08/2011,00:00,106.54,109.34,105.06,109.14,2851
22/08/2011,00:00,109.14,109.14,105.15,108.43,2475
23/08/2011,00:00,108.43,110.17,107.20,109.48,1969
24/08/2011,00:00,109.48,110.98,108.70,110.00,1798
25/08/2011,00:00,110.00,111.43,109.00,110.32,1840
26/08/2011,00:00,110.32,111.68,109.29,111.06,1647
29/08/2011,00:00,111.06,112.70,110.51,112.06,1348
30/08/2011,00:00,112.06,114.21,111.15,113.84,1690
31/08/2011,00:00,113.84,115.17,113.51,114.40,1450
01/09/2011,00:00,114.40,115.34,113.64,114.04,1600
02/09/2011,00:00,114.04,114.57,111.37,112.54,1897
05/09/2011,00:00,112.54,112.54,109.90,110.54,1357
06/09/2011,00:00,109.90,113.34,109.84,113.10,2022
07/09/2011,00:00,113.10,116.43,112.70,116.01,1851
08/09/2011,00:00,116.01,116.59,113.95,114.00,1973
09/09/2011,00:00,114.00,115.15,110.95,112.40,2106
12/09/2011,00:00,112.37,112.37,108.43,110.76,2373
13/09/2011,00:00,110.76,111.12,109.18,109.20,1611
14/09/2011,00:00,109.20,110.10,108.09,109.32,1752
15/09/2011,00:00,109.32,113.48,109.00,112.18,2034
16/09/2011,00:00,112.18,114.23,111.50,112.04,1915
19/09/2011,00:00,112.04,112.09,108.70,109.28,1848
20/09/2011,00:00,109.28,111.57,108.70,110.06,2076
21/09/2011,00:00,110.06,112.43,108.90,108.92,1996
22/09/2011,00:00,108.92,109.15,104.84,105.18,2370
23/09/2011,00:00,105.18,106.98,103.43,103.75,3116
26/09/2011,00:00,103.75,105.31,101.65,104.79,2690
27/09/2011,00:00,104.79,107.46,104.50,106.90,2253
28/09/2011,00:00,106.90,107.39,103.21,103.25,2175
29/09/2011,00:00,103.25,105.81,102.34,104.59,2848
30/09/2011,00:00,104.59,104.87,101.76,102.26,2448
03/10/2011,00:00,102.25,102.79,100.57,100.60,2397
04/10/2011,00:00,100.60,102.39,99.10,101.84,2738
05/10/2011,00:00,101.84,102.85,100.65,102.45,2017
06/10/2011,00:00,102.45,105.85,101.53,105.25,2246
07/10/2011,00:00,105.25,106.60,104.35,105.71,2061
10/10/2011,00:00,105.71,107.23,103.75,106.90,1731
11/10/2011,00:00,106.90,108.48,105.20,107.45,1943
12/10/2011,00:00,107.45,110.04,107.15,108.59,1940
13/10/2011,00:00,108.59,109.57,107.15,109.10,1953
14/10/2011,00:00,109.10,112.79,108.84,112.67,1804
17/10/2011,00:00,112.50,113.84,109.71,109.81,2827
18/10/2011,00:00,109.81,111.87,108.45,111.12,3483
19/10/2011,00:00,111.12,111.84,108.12,108.50,3028
20/10/2011,00:00,108.50,110.15,107.31,109.82,3394
21/10/2011,00:00,109.82,111.85,109.26,109.73,2853
24/10/2011,00:00,109.73,111.59,109.70,111.20,2569
25/10/2011,00:00,111.20,112.14,109.45,110.93,2975
26/10/2011,00:00,110.93,111.75,108.79,109.50,2623
27/10/2011,00:00,109.50,112.76,109.50,112.12,2696
28/10/2011,00:00,112.12,112.12,109.65,109.98,2284
31/10/2011,00:00,109.79,110.14,108.20,109.15,2318
01/11/2011,00:00,109.15,109.65,106.09,109.20,3229
02/11/2011,00:00,109.20,111.45,108.56,109.62,2915
03/11/2011,00:00,109.62,111.23,107.82,110.82,3137
04/11/2011,00:00,110.82,112.34,110.29,112.29,2713
07/11/2011,00:00,112.29,115.15,111.26,114.70,3245
08/11/2011,00:00,114.70,116.45,114.20,115.09,2627
09/11/2011,00:00,115.09,115.73,111.76,112.07,3342
10/11/2011,00:00,112.07,114.09,111.29,112.95,3090
11/11/2011,00:00,112.95,114.87,112.95,114.15,2023
14/11/2011,00:00,114.15,114.56,110.53,111.18,2713
15/11/2011,00:00,111.18,112.59,111.04,112.21,2155
16/11/2011,00:00,112.21,112.48,110.14,110.84,2855
17/11/2011,00:00,110.84,111.95,107.51,107.51,3017
18/11/2011,00:00,107.51,109.98,106.95,107.79,2553
21/11/2011,00:00,107.79,107.79,105.65,106.70,2507
22/11/2011,00:00,106.70,109.43,106.70,108.60,2560
23/11/2011,00:00,108.60,108.81,106.81,106.92,2635
24/11/2011,00:00,106.92,108.07,106.92,107.39,1352
25/11/2011,00:00,107.59,107.78,105.84,106.45,1840
28/11/2011,00:00,106.45,109.48,106.45,108.56,2481
29/11/2011,00:00,108.56,110.98,108.39,110.37,2465
30/11/2011,00:00,110.37,112.01,109.65,110.25,2632
01/12/2011,00:00,110.25,111.23,108.18,108.85,2642
02/12/2011,00:00,108.85,110.40,108.62,110.14,2156
05/12/2011,00:00,110.14,111.59,109.20,109.28,2222
06/12/2011,00:00,109.28,110.93,109.03,110.50,2120
07/12/2011,00:00,110.50,111.46,109.00,109.59,2088
08/12/2011,00:00,109.59,110.65,107.28,107.35,2454
09/12/2011,00:00,107.35,108.95,107.09,108.70,2599
12/12/2011,00:00,108.70,108.70,106.93,106.93,2209
13/12/2011,00:00,106.93,110.48,106.90,109.00,2781
14/12/2011,00:00,109.00,109.07,103.59,103.84,2640
15/12/2011,00:00,103.84,105.75,103.01,104.40,2787
16/12/2011,00:00,104.40,104.54,102.45,103.73,1031
19/12/2011,00:00,103.73,104.56,102.37,103.56,3143
20/12/2011,00:00,103.56,107.26,103.56,107.01,2801
21/12/2011,00:00,107.01,108.15,106.15,107.92,3505
22/12/2011,00:00,107.92,108.48,107.28,107.62,2626
23/12/2011,00:00,107.62,108.54,107.40,107.93,1861
26/12/2011,00:00,107.93,108.18,107.93,108.17,4
27/12/2011,00:00,107.93,109.48,107.79,108.79,1855
28/12/2011,00:00,108.79,109.46,106.76,107.34,2621
29/12/2011,00:00,107.34,108.09,106.50,107.79,2393
30/12/2011,00:00,107.79,108.21,106.62,107.40,2496
02/01/2012,00:00,107.40,108.54,107.40,108.40,4
03/01/2012,00:00,107.40,112.40,107.40,112.06,2944
04/01/2012,00:00,112.06,113.95,111.28,113.42,3374
05/01/2012,00:00,113.42,114.62,112.09,112.26,3425
06/01/2012,00:00,112.26,113.65,112.01,113.46,3196
09/01/2012,00:00,113.46,113.56,111.67,112.09,2885
10/01/2012,00:00,112.09,113.73,112.09,112.92,2709
11/01/2012,00:00,112.92,113.37,111.75,112.31,2699
12/01/2012,00:00,112.31,114.76,110.10,110.70,3255
13/01/2012,00:00,110.70,112.21,109.68,110.90,3305
16/01/2012,00:00,110.90,111.59,110.54,111.34,2013
17/01/2012,00:00,111.34,112.75,110.54,111.43,2777
18/01/2012,00:00,111.43,112.18,110.32,110.89,3248
19/01/2012,00:00,110.89,111.73,110.37,111.26,2685
20/01/2012,00:00,111.26,112.04,109.40,110.01,2694
23/01/2012,00:00,110.01,111.34,109.40,110.84,3125
24/01/2012,00:00,110.84,111.09,109.70,110.28,2519
25/01/2012,00:00,110.28,110.87,108.90,110.45,2819
26/01/2012,00:00,110.45,111.87,110.26,111.03,2738
27/01/2012,00:00,111.03,111.98,110.48,111.53,2565
30/01/2012,00:00,111.53,111.76,110.23,110.98,2469
31/01/2012,00:00,110.98,112.96,110.50,110.73,2783
01/02/2012,00:00,110.73,112.81,110.73,111.29,2876
02/02/2012,00:00,111.29,112.54,111.03,112.45,3226
03/02/2012,00:00,112.45,114.67,111.93,114.59,2678
06/02/2012,00:00,114.59,116.31,113.35,116.15,2830
07/02/2012,00:00,116.15,117.07,115.21,115.60,3063
08/02/2012,00:00,115.60,117.40,115.40,117.18,2738
09/02/2012,00:00,117.18,118.25,116.68,118.12,2632
10/02/2012,00:00,118.12,118.12,115.79,117.01,2638
13/02/2012,00:00,117.01,117.95,116.49,116.66,2545
14/02/2012,00:00,116.66,117.84,116.48,117.40,4359
15/02/2012,00:00,117.40,119.89,117.40,118.96,4713
16/02/2012,00:00,118.96,120.34,118.31,120.00,4631
17/02/2012,00:00,120.00,120.64,118.81,119.54,3983
20/02/2012,00:00,119.54,121.09,119.54,119.93,3517
21/02/2012,00:00,119.93,121.84,119.17,121.43,4555
22/02/2012,00:00,121.43,123.21,121.00,122.57,4359
23/02/2012,00:00,122.57,124.46,122.07,124.06,5295
24/02/2012,00:00,124.06,125.54,123.29,125.37,4142
27/02/2012,00:00,125.37,125.51,123.03,123.28,4877
28/02/2012,00:00,123.28,123.92,121.50,121.70,4775
29/02/2012,00:00,121.70,123.15,120.50,122.90,5527
01/03/2012,00:00,122.90,128.37,122.50,125.79,6468
02/03/2012,00:00,125.79,126.10,123.12,123.87,5582
05/03/2012,00:00,123.87,124.20,121.56,123.29,5347
06/03/2012,00:00,123.29,123.39,121.01,121.48,5621
07/03/2012,00:00,121.48,123.89,121.40,123.64,4732
08/03/2012,00:00,123.64,125.70,123.17,125.00,5016
09/03/2012,00:00,125.00,125.81,124.20,125.37,4383
12/03/2012,00:00,125.04,125.12,123.68,124.93,3918
13/03/2012,00:00,124.93,126.25,124.46,125.56,4113
14/03/2012,00:00,125.56,126.18,124.00,124.35,4722
15/03/2012,00:00,124.35,124.85,121.51,122.64,3400
16/03/2012,00:00,122.64,126.14,122.45,126.01,1169
19/03/2012,00:00,126.01,126.03,124.81,125.20,1190
20/03/2012,00:00,125.20,125.40,123.20,123.98,1194
21/03/2012,00:00,123.98,124.79,123.76,124.01,1226
22/03/2012,00:00,124.01,124.25,122.29,123.25,1258
23/03/2012,00:00,123.25,127.04,123.09,125.09,1209
26/03/2012,00:00,125.07,125.87,124.57,125.70,1174
27/03/2012,00:00,125.70,126.15,124.90,125.12,1231
28/03/2012,00:00,125.12,125.14,123.53,124.10,1252
29/03/2012,00:00,124.10,124.64,121.37,122.54,1242
30/03/2012,00:00,122.54,124.06,122.54,122.89,1198
02/04/2012,00:00,122.89,125.62,121.70,125.29,1216
03/04/2012,00:00,125.29,125.96,124.29,124.87,6071
04/04/2012,00:00,124.87,124.92,122.29,122.62,9950
05/04/2012,00:00,122.62,123.53,121.79,123.21,9437
09/04/2012,00:00,123.21,123.21,121.01,122.51,6583
10/04/2012,00:00,122.51,122.81,119.00,119.29,10311
11/04/2012,00:00,119.29,120.51,118.70,119.70,9795
12/04/2012,00:00,119.70,121.71,119.14,121.48,9073
13/04/2012,00:00,121.48,121.68,120.37,121.39,8842
16/04/2012,00:00,120.44,120.53,118.00,118.38,6414
17/04/2012,00:00,118.36,119.33,117.76,118.67,18085
18/04/2012,00:00,118.54,118.84,116.51,118.03,17980
19/04/2012,00:00,118.15,119.15,116.00,118.04,20675
20/04/2012,00:00,117.95,119.68,117.86,118.81,17473
23/04/2012,00:00,118.77,118.86,117.21,118.66,16782
24/04/2012,00:00,118.66,118.93,117.27,118.42,14031
25/04/2012,00:00,118.35,119.24,117.00,119.14,17776
26/04/2012,00:00,119.05,120.16,118.78,119.54,13843
27/04/2012,00:00,119.61,119.94,119.06,119.46,13867
30/04/2012,00:00,119.48,119.79,118.73,119.40,12492
01/05/2012,00:00,119.45,120.01,118.80,119.66,10671
02/05/2012,00:00,119.65,119.79,117.64,118.25,14808
03/05/2012,00:00,118.25,118.44,115.90,115.94,15461
04/05/2012,00:00,116.02,116.28,111.76,113.46,20036
07/05/2012,00:00,111.22,113.11,110.86,113.01,19932
08/05/2012,00:00,112.99,113.25,110.30,112.80,22992
09/05/2012,00:00,112.63,112.84,110.96,112.23,25611
10/05/2012,00:00,112.18,113.19,111.75,111.82,22351
11/05/2012,00:00,111.70,112.34,111.05,111.70,17940
14/05/2012,00:00,111.45,111.53,109.55,110.30,18470
15/05/2012,00:00,110.35,111.99,110.28,110.95,19450
16/05/2012,00:00,111.10,111.45,109.10,109.28,20465
17/05/2012,00:00,109.40,110.14,106.58,106.80,20663
18/05/2012,00:00,106.86,107.98,106.40,107.11,20112
21/05/2012,00:00,106.93,109.41,106.88,109.20,16124
22/05/2012,00:00,109.17,109.35,107.80,108.18,15946
23/05/2012,00:00,108.03,108.17,105.39,106.14,20892
24/05/2012,00:00,105.94,107.24,105.03,106.78,20435
25/05/2012,00:00,106.65,107.23,106.02,106.97,15615
28/05/2012,00:00,106.94,108.03,106.93,107.25,5854
29/05/2012,00:00,107.25,107.94,106.06,106.85,17577
30/05/2012,00:00,106.77,106.77,102.85,103.09,20393
31/05/2012,00:00,103.11,104.12,101.27,101.56,22196
01/06/2012,00:00,101.65,101.95,97.54,98.72,30494
04/06/2012,00:00,97.80,98.69,95.18,98.41,26958
05/06/2012,00:00,98.56,99.14,97.22,98.12,26750
06/06/2012,00:00,98.23,100.87,98.23,100.30,26199
07/06/2012,00:00,100.30,101.94,98.63,98.65,29416
08/06/2012,00:00,98.76,99.65,96.79,99.62,29057
11/06/2012,00:00,99.40,101.89,96.20,96.20,32931
12/06/2012,00:00,96.43,97.82,96.30,97.10,44061
13/06/2012,00:00,96.82,98.05,96.35,96.50,35849
14/06/2012,00:00,96.55,97.87,95.91,97.73,30707
15/06/2012,00:00,97.79,98.09,96.96,97.44,23099
18/06/2012,00:00,98.58,99.23,95.40,95.65,35080
19/06/2012,00:00,95.88,96.79,94.45,95.67,31903
20/06/2012,00:00,95.68,96.02,92.37,92.55,38661
21/06/2012,00:00,92.56,92.56,88.89,89.12,39692
22/06/2012,00:00,89.36,91.69,88.49,91.34,32572
25/06/2012,00:00,91.32,91.51,89.60,91.27,26552
26/06/2012,00:00,91.27,93.24,90.70,93.14,30104
27/06/2012,00:00,92.97,93.91,91.71,93.75,28202
28/06/2012,00:00,93.37,93.84,90.87,91.95,31704
29/06/2012,00:00,92.01,98.28,91.76,97.59,39162
02/07/2012,00:00,97.32,97.64,95.29,97.29,37193
03/07/2012,00:00,97.24,101.57,97.09,100.59,35889
04/07/2012,00:00,100.60,100.94,99.26,99.70,12919
05/07/2012,00:00,99.54,102.32,99.30,99.98,34471
06/07/2012,00:00,100.02,100.23,97.73,97.77,27147
09/07/2012,00:00,98.15,100.41,97.64,99.61,43294
10/07/2012,00:00,98.46,99.20,97.36,97.48,39879
11/07/2012,00:00,97.45,100.19,97.39,99.97,38249
12/07/2012,00:00,99.82,100.58,97.87,99.81,36839
13/07/2012,00:00,99.82,102.37,99.71,101.60,32452
16/07/2012,00:00,101.58,103.55,101.01,103.05,25187
17/07/2012,00:00,103.08,104.73,102.77,103.51,35312
18/07/2012,00:00,103.46,105.58,103.21,105.47,30251
19/07/2012,00:00,105.38,108.17,105.27,107.50,30896
20/07/2012,00:00,107.44,107.69,105.66,106.69,34714
23/07/2012,00:00,106.28,106.36,102.41,103.20,37716
24/07/2012,00:00,103.16,104.48,102.53,102.99,42214
25/07/2012,00:00,102.86,104.70,102.10,104.54,42714
26/07/2012,00:00,104.24,106.17,103.48,105.31,45788
27/07/2012,00:00,105.27,106.56,105.24,106.37,36288
30/07/2012,00:00,106.43,106.96,105.58,105.97,29663
31/07/2012,00:00,105.95,106.51,104.08,104.53,35506
01/08/2012,00:00,104.73,106.92,104.06,105.64,35248
02/08/2012,00:00,105.64,107.28,104.97,106.03,54535
03/08/2012,00:00,106.04,109.12,105.77,108.70,42872
06/08/2012,00:00,108.47,108.59,106.56,108.11,30685
07/08/2012,00:00,108.12,110.93,107.77,110.15,36582
08/08/2012,00:00,110.15,111.61,109.28,110.40,38627
09/08/2012,00:00,110.39,111.94,110.05,111.63,35698
10/08/2012,00:00,111.63,111.81,109.77,111.47,31865
13/08/2012,00:00,111.46,113.10,111.15,111.59,37551
14/08/2012,00:00,111.59,112.42,111.26,112.10,28847
15/08/2012,00:00,112.09,114.78,111.60,114.53,27109
16/08/2012,00:00,114.54,115.40,113.67,114.38,24542
17/08/2012,00:00,114.38,114.75,112.72,113.71,24381
20/08/2012,00:00,114.06,114.63,112.89,113.54,23253
21/08/2012,00:00,113.55,115.55,113.52,114.70,23984
22/08/2012,00:00,114.71,115.27,113.53,115.10,30386
23/08/2012,00:00,115.11,116.37,114.35,114.44,29749
24/08/2012,00:00,114.44,115.26,113.00,113.19,28509
27/08/2012,00:00,114.26,115.47,111.56,112.55,29562
28/08/2012,00:00,112.56,113.09,111.71,112.48,29843
29/08/2012,00:00,112.48,113.29,111.50,112.65,25775
30/08/2012,00:00,112.65,113.43,112.25,112.78,21496
31/08/2012,00:00,112.74,114.85,112.35,114.71,28932
03/09/2012,00:00,114.55,115.39,113.52,115.18,16624
04/09/2012,00:00,115.16,115.97,113.40,113.64,34189
05/09/2012,00:00,113.65,113.86,112.36,113.17,40035
06/09/2012,00:00,113.17,114.64,112.26,112.26,42247
07/09/2012,00:00,112.27,114.23,112.00,113.99,38045
10/09/2012,00:00,113.86,114.56,113.44,114.27,22948
11/09/2012,00:00,114.27,114.82,113.90,114.42,24479
12/09/2012,00:00,114.43,115.99,114.33,114.92,33010
13/09/2012,00:00,114.92,116.86,114.36,115.69,34606
14/09/2012,00:00,115.67,117.94,115.56,116.79,28294
17/09/2012,00:00,116.79,117.01,111.50,113.32,34386
18/09/2012,00:00,113.34,114.40,111.61,111.64,34941
19/09/2012,00:00,111.64,112.97,107.40,108.05,41182
20/09/2012,00:00,108.06,110.56,107.10,110.55,33163
21/09/2012,00:00,110.56,111.62,110.07,111.47,28560
24/09/2012,00:00,111.20,111.20,108.78,109.85,26771
25/09/2012,00:00,109.83,111.45,109.44,109.95,27410
26/09/2012,00:00,109.95,110.23,108.45,109.98,28555
27/09/2012,00:00,109.98,112.48,109.67,112.44,29119
28/09/2012,00:00,112.43,113.37,111.52,112.11,27947
01/10/2012,00:00,111.80,113.26,111.48,112.10,19581
02/10/2012,00:00,112.09,112.44,111.28,111.31,19993
03/10/2012,00:00,111.31,111.34,107.66,108.00,29871
04/10/2012,00:00,107.96,112.68,107.96,112.29,34014
05/10/2012,00:00,112.30,113.03,110.54,111.89,33509
08/10/2012,00:00,111.51,111.57,109.71,111.28,26826
09/10/2012,00:00,111.32,113.62,111.02,113.40,37584
10/10/2012,00:00,113.40,114.39,112.68,113.47,37857
11/10/2012,00:00,113.48,114.94,113.04,114.65,37230
12/10/2012,00:00,114.65,114.83,112.93,113.71,38317
15/10/2012,00:00,113.01,114.45,112.46,114.39,40549
16/10/2012,00:00,114.38,114.86,113.48,113.60,33063
17/10/2012,00:00,113.60,114.31,112.80,113.14,22391
18/10/2012,00:00,113.14,113.54,111.57,112.46,17102
19/10/2012,00:00,112.44,113.25,110.00,110.01,17916
22/10/2012,00:00,109.53,110.96,109.12,109.71,19864
23/10/2012,00:00,109.70,109.81,107.31,108.18,21340
24/10/2012,00:00,108.17,109.33,106.79,107.82,20705
25/10/2012,00:00,107.81,109.27,107.47,108.40,17574
26/10/2012,00:00,108.41,109.62,107.40,109.57,21501
29/10/2012,00:00,109.16,110.25,108.51,109.01,21397
30/10/2012,00:00,109.00,110.09,108.65,108.74,23833
31/10/2012,00:00,108.73,109.79,108.30,108.37,25509
01/11/2012,00:00,108.38,109.02,107.75,108.09,24814
02/11/2012,00:00,108.10,108.79,105.52,105.81,28810
05/11/2012,00:00,105.56,107.27,104.09,107.18,29034
06/11/2012,00:00,107.19,110.37,106.25,110.09,38163
07/11/2012,00:00,110.08,110.66,105.74,105.86,57538
08/11/2012,00:00,105.86,107.34,105.32,106.20,43952
09/11/2012,00:00,106.20,108.81,105.45,108.48,41177
12/11/2012,00:00,108.07,109.35,107.54,107.81,35734
13/11/2012,00:00,107.80,108.02,106.56,107.19,42082
14/11/2012,00:00,107.18,109.29,106.81,108.72,31745
15/11/2012,00:00,108.71,109.57,107.31,107.55,33324
16/11/2012,00:00,107.55,109.10,107.42,108.88,24195
19/11/2012,00:00,109.54,112.19,109.30,111.66,30304
20/11/2012,00:00,111.67,111.81,109.01,110.48,31501
21/11/2012,00:00,110.48,111.44,109.56,111.01,27437
22/11/2012,00:00,111.00,111.17,110.11,110.35,9904
23/11/2012,00:00,110.27,111.53,110.11,111.30,17022
26/11/2012,00:00,111.28,111.41,110.27,110.82,20175
27/11/2012,00:00,110.83,111.36,109.33,109.96,23613
28/11/2012,00:00,109.96,110.16,108.45,109.62,23535
29/11/2012,00:00,109.61,111.27,109.44,110.50,24044
30/11/2012,00:00,110.49,111.33,110.25,111.14,20487
03/12/2012,00:00,111.22,112.31,110.60,110.76,22576
04/12/2012,00:00,110.76,110.90,109.16,109.64,24326
05/12/2012,00:00,109.63,110.57,108.64,108.86,22695
06/12/2012,00:00,108.84,109.16,106.63,107.12,23790
07/12/2012,00:00,107.12,107.88,106.66,107.24,21873
10/12/2012,00:00,107.40,107.51,105.92,106.24,20547
11/12/2012,00:00,106.28,107.17,105.97,106.76,13533
12/12/2012,00:00,106.74,108.91,106.70,108.07,14812
13/12/2012,00:00,108.06,108.12,106.37,106.56,13668
14/12/2012,00:00,106.55,108.28,106.47,108.18,13488
17/12/2012,00:00,108.21,108.49,107.58,108.00,15016
18/12/2012,00:00,107.99,108.97,107.89,108.93,13152
19/12/2012,00:00,108.94,110.47,108.74,110.08,15723
20/12/2012,00:00,110.08,110.65,109.70,110.18,14094
21/12/2012,00:00,110.19,110.28,108.66,109.12,18452
24/12/2012,00:00,108.83,108.92,108.12,108.71,8289
26/12/2012,00:00,109.06,111.51,109.06,111.19,11124
27/12/2012,00:00,111.17,111.26,110.10,111.04,17110
28/12/2012,00:00,111.03,111.37,109.84,110.56,14562
31/12/2012,00:00,110.37,110.99,109.39,110.83,11995
02/01/2013,00:00,111.59,112.88,111.43,112.38,18079
03/01/2013,00:00,112.38,112.57,111.64,111.96,19493
04/01/2013,00:00,111.95,112.17,110.38,111.37,22502
07/01/2013,00:00,111.35,111.66,110.54,111.62,14233
08/01/2013,00:00,111.62,112.46,111.13,111.95,19147
09/01/2013,00:00,111.94,112.21,111.11,111.66,19243
10/01/2013,00:00,111.65,113.28,111.57,111.87,21198
11/01/2013,00:00,111.86,111.91,109.63,110.52,19805
14/01/2013,00:00,110.72,111.13,109.46,111.00,19855
15/01/2013,00:00,111.00,111.47,109.54,109.77,19414
16/01/2013,00:00,109.78,110.33,109.34,109.80,17981
17/01/2013,00:00,109.83,111.36,109.45,110.97,17789
18/01/2013,00:00,110.98,111.95,110.48,111.94,17785
21/01/2013,00:00,111.65,111.98,111.41,111.76,8331
22/01/2013,00:00,111.76,112.64,111.35,112.33,17173
23/01/2013,00:00,112.32,113.15,112.06,112.77,16857
24/01/2013,00:00,112.78,113.64,112.40,113.32,17122
25/01/2013,00:00,113.32,113.83,112.83,113.35,16093
28/01/2013,00:00,113.45,113.78,112.60,113.44,15060
29/01/2013,00:00,113.45,114.48,113.06,114.12,16285
30/01/2013,00:00,114.13,115.21,114.07,115.04,18924
31/01/2013,00:00,115.06,115.75,114.27,115.62,16917
01/02/2013,00:00,115.60,117.05,115.40,116.60,21657
04/02/2013,00:00,116.50,116.54,114.44,114.67,22761
05/02/2013,00:00,114.68,116.22,114.11,115.54,22601
06/02/2013,00:00,115.55,116.16,114.83,115.93,22934
07/02/2013,00:00,115.93,116.92,115.81,116.56,25199
08/02/2013,00:00,116.57,118.17,116.36,117.75,20472
11/02/2013,00:00,117.88,117.88,116.51,117.31,15023
12/02/2013,00:00,117.29,117.98,116.87,117.65,16998
13/02/2013,00:00,117.66,118.25,117.40,117.96,17283
14/02/2013,00:00,117.95,118.28,117.24,118.01,14631
15/02/2013,00:00,118.02,118.09,116.29,117.91,19844
18/02/2013,00:00,117.79,117.93,116.90,117.39,7049
19/02/2013,00:00,117.39,117.58,116.53,117.32,13769
20/02/2013,00:00,117.34,117.64,115.01,115.17,20877
21/02/2013,00:00,115.16,115.28,113.35,113.66,23707
22/02/2013,00:00,113.67,114.77,113.61,114.23,17177
25/02/2013,00:00,114.05,115.84,113.36,113.40,21784
26/02/2013,00:00,113.40,114.31,112.41,112.74,25564
27/02/2013,00:00,112.74,113.33,111.64,111.85,21849
28/02/2013,00:00,111.86,112.56,110.86,110.94,20459
01/03/2013,00:00,110.92,111.34,109.82,110.60,22499
04/03/2013,00:00,110.56,110.60,108.54,109.17,25055
05/03/2013,00:00,109.17,110.86,109.00,110.76,24627
06/03/2013,00:00,110.77,111.27,109.59,110.08,16278
07/03/2013,00:00,110.10,110.52,109.58,110.03,23658
08/03/2013,00:00,110.02,110.49,108.58,110.00,23067
11/03/2013,00:00,109.89,110.08,109.01,109.52,17377
12/03/2013,00:00,109.53,110.69,108.88,109.22,21500
13/03/2013,00:00,109.21,109.48,107.66,108.10,18841
14/03/2013,00:00,108.10,109.31,107.83,109.30,14890
15/03/2013,00:00,109.29,110.51,109.01,110.05,13847
18/03/2013,00:00,108.84,109.66,107.79,109.49,17571
19/03/2013,00:00,109.48,109.58,107.24,107.51,18982
20/03/2013,00:00,107.50,108.91,107.42,108.45,17330
21/03/2013,00:00,108.45,108.73,107.07,107.22,16457
22/03/2013,00:00,107.20,107.93,106.88,107.57,14695
25/03/2013,00:00,107.80,109.05,107.26,107.95,18131
26/03/2013,00:00,107.96,109.56,107.71,109.55,15998
27/03/2013,00:00,109.54,109.96,108.83,109.80,17054
28/03/2013,00:00,109.81,110.09,108.97,110.01,14422
29/03/2013,00:00,110.02,110.03,109.76,109.76,152
01/04/2013,00:00,110.08,111.30,109.37,110.96,10152
02/04/2013,00:00,110.95,111.76,109.99,110.34,13010
03/04/2013,00:00,110.35,110.48,106.77,107.29,16213
04/04/2013,00:00,107.29,108.03,105.28,106.38,18685
05/04/2013,00:00,106.39,106.63,103.62,104.34,15340
08/04/2013,00:00,104.37,105.57,103.62,104.86,16215
09/04/2013,00:00,104.86,106.39,104.35,106.13,16109
10/04/2013,00:00,106.14,106.36,105.24,105.67,15812
11/04/2013,00:00,105.67,105.98,103.86,104.40,14757
12/04/2013,00:00,104.40,104.51,101.20,102.85,18719
15/04/2013,00:00,102.68,102.79,99.12,99.26,25611
16/04/2013,00:00,99.24,100.35,97.99,100.14,24168
17/04/2013,00:00,100.12,100.42,97.25,97.43,21162
18/04/2013,00:00,97.43,99.82,96.74,99.54,22196
19/04/2013,00:00,99.55,100.32,99.04,99.48,15257
22/04/2013,00:00,99.46,101.02,99.19,100.46,17106
23/04/2013,00:00,100.48,100.57,98.78,100.33,18811
24/04/2013,00:00,100.35,101.95,100.20,101.92,16483
25/04/2013,00:00,101.92,103.47,101.34,103.05,16179
26/04/2013,00:00,103.05,103.46,102.26,102.92,16932
29/04/2013,00:00,102.76,103.91,102.56,103.77,13036
30/04/2013,00:00,103.75,103.98,101.46,101.71,16988
01/05/2013,00:00,101.68,102.31,98.75,99.86,18745
02/05/2013,00:00,99.88,102.96,99.65,102.85,19400
03/05/2013,00:00,102.86,104.90,102.36,104.10,18943
06/05/2013,00:00,105.26,105.51,103.89,105.32,15652
07/05/2013,00:00,105.31,105.92,103.99,104.08,18840
08/05/2013,00:00,104.08,104.78,103.52,104.25,20574
09/05/2013,00:00,104.26,104.58,103.44,104.20,19088
10/05/2013,00:00,104.21,104.43,101.55,103.76,20833
13/05/2013,00:00,103.57,103.58,102.08,102.45,18516
14/05/2013,00:00,102.45,102.90,101.90,102.40,19090
15/05/2013,00:00,102.41,103.61,100.91,103.51,19347
16/05/2013,00:00,103.52,104.26,102.73,103.79,18333
17/05/2013,00:00,103.80,104.85,103.33,104.66,17509
20/05/2013,00:00,104.61,105.29,103.82,104.78,15860
21/05/2013,00:00,104.75,105.12,103.50,103.61,18222
22/05/2013,00:00,103.61,103.77,102.22,102.33,22283
23/05/2013,00:00,102.32,102.67,100.62,102.55,24478
24/05/2013,00:00,102.55,102.77,101.64,102.59,17760
27/05/2013,00:00,102.20,102.63,102.09,102.49,5911
28/05/2013,00:00,102.60,104.67,102.47,104.43,18252
29/05/2013,00:00,104.44,104.47,102.17,102.21,20456
30/05/2013,00:00,102.20,102.83,101.07,102.11,20768
31/05/2013,00:00,102.11,102.36,100.05,100.08,20879
03/06/2013,00:00,99.90,102.08,99.46,101.82,25243
04/06/2013,00:00,101.81,103.25,101.19,103.09,25524
05/06/2013,00:00,103.09,103.73,102.52,102.60,24197
06/06/2013,00:00,102.58,103.66,102.48,103.37,21657
07/06/2013,00:00,103.38,104.78,102.64,104.47,22883
10/06/2013,00:00,104.46,104.54,103.62,103.69,13409
11/06/2013,00:00,103.68,103.83,101.87,102.61,16070
12/06/2013,00:00,102.59,104.17,102.24,103.52,18000
13/06/2013,00:00,103.52,105.11,102.77,104.89,16242
14/06/2013,00:00,104.88,106.62,104.44,105.82,18509
17/06/2013,00:00,105.81,106.64,105.27,105.61,16275
18/06/2013,00:00,105.59,106.20,105.11,106.14,13966
19/06/2013,00:00,106.14,106.58,105.42,105.68,16713
20/06/2013,00:00,105.67,105.85,101.74,102.11,28434
21/06/2013,00:00,102.12,103.07,100.03,100.90,21498
24/06/2013,00:00,100.66,101.62,99.66,101.03,24730
25/06/2013,00:00,101.06,102.05,100.70,101.19,19643
26/06/2013,00:00,101.20,101.88,100.26,101.70,22288
27/06/2013,00:00,101.71,103.32,101.65,102.69,19133
28/06/2013,00:00,102.70,103.41,101.85,101.98,21451
01/07/2013,00:00,101.83,103.67,101.62,103.01,19652
02/07/2013,00:00,103.03,104.11,102.90,103.93,18278
03/07/2013,00:00,103.93,105.99,103.90,105.76,25183
04/07/2013,00:00,105.78,105.97,104.90,105.47,9858
05/07/2013,00:00,105.52,107.86,105.37,107.67,21682
08/07/2013,00:00,107.90,107.93,106.06,106.28,20692
09/07/2013,00:00,106.27,107.33,106.11,107.32,19206
10/07/2013,00:00,107.31,107.89,106.91,107.18,25283
11/07/2013,00:00,107.17,108.05,106.57,106.69,21206
12/07/2013,00:00,106.69,108.17,106.34,108.10,15538
15/07/2013,00:00,107.87,108.23,107.10,108.04,14590
16/07/2013,00:00,108.05,108.66,107.66,107.85,17481
17/07/2013,00:00,107.87,108.68,107.29,108.63,17674
18/07/2013,00:00,108.59,108.83,108.02,108.82,15622
19/07/2013,00:00,108.80,109.16,107.00,108.45,15681
22/07/2013,00:00,108.35,108.66,107.53,108.16,18567
23/07/2013,00:00,108.16,108.61,107.55,108.39,14416
24/07/2013,00:00,108.37,108.58,106.24,107.10,15915
25/07/2013,00:00,107.10,107.85,106.53,107.63,14806
26/07/2013,00:00,107.64,107.79,106.52,107.09,11508
29/07/2013,00:00,107.21,107.86,106.59,107.55,13625
30/07/2013,00:00,107.53,107.57,106.53,106.80,11827
31/07/2013,00:00,106.79,107.88,105.72,107.88,16388
01/08/2013,00:00,107.87,109.60,107.50,109.40,16709
02/08/2013,00:00,109.41,110.07,108.36,108.89,16376
05/08/2013,00:00,108.62,108.65,106.67,107.69,15161
06/08/2013,00:00,107.69,108.26,106.49,107.09,21117
07/08/2013,00:00,107.10,107.18,105.87,106.02,16089
08/08/2013,00:00,106.02,106.55,104.58,105.35,13392
09/08/2013,00:00,105.35,106.93,105.26,106.82,14301
12/08/2013,00:00,106.41,107.88,106.26,107.77,14860
13/08/2013,00:00,107.78,108.68,107.70,108.19,15290
14/08/2013,00:00,108.18,108.96,107.76,108.90,14422
15/08/2013,00:00,108.89,110.03,108.87,109.41,14003
16/08/2013,00:00,109.42,110.68,109.16,110.59,14106
19/08/2013,00:00,110.41,110.98,109.58,109.68,13230
20/08/2013,00:00,109.69,110.70,108.60,110.13,17237
21/08/2013,00:00,110.12,110.26,109.22,109.72,16191
22/08/2013,00:00,109.72,110.13,109.39,109.95,12774
23/08/2013,00:00,109.94,111.21,109.76,111.03,13730
26/08/2013,00:00,111.29,111.33,110.49,111.07,11276
27/08/2013,00:00,111.05,114.63,110.72,114.62,18115
28/08/2013,00:00,114.63,117.31,114.59,116.15,28554
29/08/2013,00:00,116.15,117.02,114.17,114.54,21257
30/08/2013,00:00,114.53,115.48,113.61,114.01,24108
02/09/2013,00:00,112.41,114.55,112.24,114.22,12070
03/09/2013,00:00,114.39,115.98,114.05,115.65,22535
04/09/2013,00:00,115.66,116.06,114.39,114.99,19000
05/09/2013,00:00,115.02,115.53,114.28,115.17,15125
06/09/2013,00:00,115.16,116.54,115.00,115.87,17026
09/09/2013,00:00,115.70,116.15,112.99,113.13,18445
10/09/2013,00:00,113.14,113.18,109.37,110.06,21438
11/09/2013,00:00,110.06,111.16,109.65,110.29,16347
12/09/2013,00:00,110.29,111.95,109.99,111.89,16111
13/09/2013,00:00,111.86,111.91,110.54,111.68,13549
16/09/2013,00:00,110.62,111.48,108.72,109.60,19098
17/09/2013,00:00,109.61,109.98,107.40,107.72,18182
18/09/2013,00:00,107.74,111.05,107.63,110.58,22236
19/09/2013,00:00,110.58,111.24,108.51,108.71,21524
20/09/2013,00:00,108.72,109.65,108.42,109.20,18046
23/09/2013,00:00,109.07,109.43,107.76,108.01,18368
24/09/2013,00:00,108.01,108.88,107.42,108.73,18371
25/09/2013,00:00,108.72,110.05,107.87,107.93,19455
26/09/2013,00:00,107.94,109.24,107.93,109.12,14605
27/09/2013,00:00,109.11,109.63,108.09,108.40,18990
30/09/2013,00:00,107.89,108.65,107.21,108.14,17963
01/10/2013,00:00,108.14,108.39,106.80,107.59,19108
02/10/2013,00:00,107.61,109.46,107.43,108.98,19783
03/10/2013,00:00,108.98,109.83,108.57,108.61,24864
04/10/2013,00:00,108.62,109.74,108.58,109.27,19650
07/10/2013,00:00,109.17,109.28,107.08,108.73,20011
08/10/2013,00:00,108.73,109.95,108.52,109.36,17275
09/10/2013,00:00,109.36,109.44,107.41,108.06,19881
10/10/2013,00:00,108.06,111.14,108.06,110.79,24468
11/10/2013,00:00,110.78,110.99,109.73,110.03,25087
14/10/2013,00:00,110.04,110.57,109.09,110.10,19903
15/10/2013,00:00,110.11,110.46,108.84,109.01,21065
16/10/2013,00:00,109.00,111.27,108.99,110.53,22388
17/10/2013,00:00,110.52,110.65,108.70,109.03,22964
18/10/2013,00:00,109.03,110.22,108.93,110.06,16027
21/10/2013,00:00,109.92,110.16,109.20,109.78,16341
22/10/2013,00:00,109.78,110.91,109.55,110.01,19911
23/10/2013,00:00,110.02,110.04,107.34,107.49,24233
24/10/2013,00:00,107.49,108.24,106.89,106.93,19692
25/10/2013,00:00,106.94,107.38,106.26,107.11,17248
28/10/2013,00:00,106.93,109.66,106.89,109.40,18293
29/10/2013,00:00,109.39,109.46,108.44,108.89,16087
30/10/2013,00:00,108.89,110.14,108.57,109.85,19615
31/10/2013,00:00,109.86,109.86,108.54,108.90,18356
01/11/2013,00:00,108.89,109.33,105.77,105.92,20599
04/11/2013,00:00,105.91,106.52,105.11,106.08,19368
05/11/2013,00:00,106.06,106.38,105.14,105.45,16768
06/11/2013,00:00,105.45,106.32,104.97,105.01,18528
07/11/2013,00:00,105.01,105.31,103.44,103.60,21333
08/11/2013,00:00,103.59,105.27,103.12,104.90,21157
11/11/2013,00:00,105.56,106.28,105.09,106.23,11627
12/11/2013,00:00,106.24,107.09,105.25,105.76,14530
13/11/2013,00:00,105.76,107.16,105.56,106.77,13633
14/11/2013,00:00,106.77,108.93,106.75,108.15,18739
15/11/2013,00:00,108.14,108.63,107.67,108.32,15998
18/11/2013,00:00,108.23,108.71,107.52,108.14,15216
19/11/2013,00:00,108.15,108.61,106.80,107.04,17002
20/11/2013,00:00,107.03,108.35,106.50,107.82,17329
21/11/2013,00:00,107.81,110.23,107.61,110.16,17672
22/11/2013,00:00,110.14,111.36,109.64,110.98,21259
25/11/2013,00:00,108.58,111.61,108.04,111.01,23744
26/11/2013,00:00,111.00,111.46,110.40,111.05,16663
27/11/2013,00:00,111.04,111.64,110.50,111.53,17097
28/11/2013,00:00,111.53,111.54,110.60,110.86,8322
29/11/2013,00:00,110.97,111.48,109.60,110.10,13043
02/12/2013,00:00,110.11,112.32,109.27,111.40,21638
03/12/2013,00:00,111.39,112.88,111.03,112.67,19019
04/12/2013,00:00,112.67,112.98,111.45,111.59,22695
05/12/2013,00:00,111.60,112.22,110.75,111.05,18357
06/12/2013,00:00,111.05,112.04,110.92,111.63,15564
09/12/2013,00:00,111.57,111.70,108.73,108.73,15620
10/12/2013,00:00,108.73,110.17,108.39,109.12,20992
11/12/2013,00:00,109.12,109.66,108.45,109.49,17418
12/12/2013,00:00,109.49,109.75,108.12,108.13,15705
13/12/2013,00:00,108.14,108.60,107.61,108.24,14460
16/12/2013,00:00,109.06,110.38,108.52,109.11,16526
17/12/2013,00:00,109.12,109.39,108.19,108.27,14064
18/12/2013,00:00,108.28,109.70,107.79,109.31,18447
19/12/2013,00:00,109.30,110.51,109.12,110.17,15674
20/12/2013,00:00,110.18,111.88,109.86,111.74,14508
23/12/2013,00:00,111.79,111.90,111.25,111.63,11139
24/12/2013,00:00,111.64,112.04,111.41,111.99,5717
26/12/2013,00:00,111.90,112.11,111.45,111.98,7132
27/12/2013,00:00,111.97,112.79,111.50,112.08,12463
30/12/2013,00:00,112.17,112.62,110.89,111.21,11479
31/12/2013,00:00,111.22,111.50,110.44,110.75,8791
02/01/2014,00:00,110.98,111.33,107.64,107.78,17042
03/01/2014,00:00,107.77,108.62,106.77,106.96,16296
06/01/2014,00:00,106.99,107.93,106.58,107.05,13772
07/01/2014,00:00,107.05,107.69,106.87,107.43,13081
08/01/2014,00:00,107.44,107.92,106.99,107.35,13337
09/01/2014,00:00,107.36,108.18,106.11,106.41,14277
10/01/2014,00:00,106.40,107.44,106.02,107.40,17574
13/01/2014,00:00,107.22,107.45,106.44,106.45,13802
14/01/2014,00:00,106.44,106.68,105.23,105.23,15568
15/01/2014,00:00,105.22,106.70,105.05,106.07,15957
16/01/2014,00:00,106.08,106.38,105.46,105.52,14388
17/01/2014,00:00,105.50,106.93,105.43,106.20,12672
20/01/2014,00:00,106.37,106.63,105.81,106.24,8530
21/01/2014,00:00,106.23,107.98,106.19,106.84,12845
22/01/2014,00:00,106.85,108.31,106.77,108.14,11307
23/01/2014,00:00,108.14,108.26,107.36,107.53,13667
24/01/2014,00:00,107.54,108.01,106.22,107.87,14748
27/01/2014,00:00,107.75,107.79,106.43,106.97,14334
28/01/2014,00:00,106.98,107.77,106.74,107.48,12472
29/01/2014,00:00,107.47,108.02,106.92,107.73,14650
30/01/2014,00:00,107.72,108.38,107.65,107.96,11938
31/01/2014,00:00,107.98,108.00,106.31,106.37,16207
03/02/2014,00:00,106.04,106.16,104.76,105.42,18018
04/02/2014,00:00,105.41,105.55,104.86,105.30,13423
05/02/2014,00:00,105.31,105.81,104.99,105.59,15236
06/02/2014,00:00,105.59,106.85,105.52,106.84,13796
07/02/2014,00:00,106.83,109.00,106.27,108.69,14297
10/02/2014,00:00,108.93,108.94,107.79,107.82,12859
11/02/2014,00:00,107.82,108.61,107.73,108.21,12305
12/02/2014,00:00,108.20,108.98,108.05,108.28,13299
13/02/2014,00:00,108.28,108.72,107.63,108.55,11226
14/02/2014,00:00,108.55,109.23,107.84,108.95,9357
17/02/2014,00:00,109.25,109.27,108.64,109.14,5400
18/02/2014,00:00,109.07,110.67,108.83,110.64,9684
19/02/2014,00:00,110.64,110.80,110.01,110.46,11111
20/02/2014,00:00,110.47,110.49,109.56,110.42,11722
21/02/2014,00:00,110.41,110.47,109.34,109.74,10208
24/02/2014,00:00,110.17,110.76,109.49,110.71,9477
25/02/2014,00:00,110.70,110.70,109.41,109.60,11238
26/02/2014,00:00,109.59,109.95,109.20,109.38,10806
27/02/2014,00:00,109.37,109.45,108.64,108.84,11206
28/02/2014,00:00,108.84,109.33,108.39,108.85,9976
03/03/2014,00:00,110.92,111.85,109.87,110.61,19540
04/03/2014,00:00,110.61,110.84,108.59,108.64,15647
05/03/2014,00:00,108.65,108.92,107.07,107.20,14782
06/03/2014,00:00,107.21,107.97,106.84,107.83,14000
07/03/2014,00:00,107.83,108.53,107.26,108.22,11349
10/03/2014,00:00,108.14,108.23,107.20,107.29,13686
11/03/2014,00:00,107.28,108.06,107.25,107.50,12158
12/03/2014,00:00,107.50,107.82,106.91,107.51,15403
13/03/2014,00:00,107.51,107.77,106.49,106.85,11905
14/03/2014,00:00,106.86,108.44,106.74,108.23,13185
17/03/2014,00:00,108.35,108.38,106.14,106.30,12900
18/03/2014,00:00,106.29,106.83,105.86,106.59,12611
19/03/2014,00:00,106.60,106.86,105.70,105.82,13483
20/03/2014,00:00,105.83,106.73,105.41,106.16,12142
21/03/2014,00:00,106.16,107.75,105.99,106.99,11868
24/03/2014,00:00,106.76,107.48,106.44,106.58,11441
25/03/2014,00:00,106.58,107.46,106.43,106.89,11756
26/03/2014,00:00,106.88,107.33,106.47,106.88,10842
27/03/2014,00:00,106.90,107.96,106.75,107.69,10506
28/03/2014,00:00,107.70,108.37,107.60,107.99,9451
31/03/2014,00:00,107.92,108.31,107.04,107.68,10699
01/04/2014,00:00,107.67,107.77,105.10,105.26,13111
02/04/2014,00:00,105.26,105.83,103.95,104.70,15481
03/04/2014,00:00,104.71,106.30,104.44,106.23,11881
04/04/2014,00:00,106.22,107.02,106.09,106.63,10938
07/04/2014,00:00,106.19,106.58,105.11,105.98,11228
08/04/2014,00:00,106.00,107.79,105.79,107.47,12283
09/04/2014,00:00,107.46,108.10,107.08,107.78,12304
10/04/2014,00:00,107.77,107.89,107.32,107.38,8786
11/04/2014,00:00,107.37,107.90,107.04,107.24,11763
14/04/2014,00:00,107.83,109.12,107.28,108.96,13489
15/04/2014,00:00,108.96,109.72,108.31,109.29,12898
16/04/2014,00:00,109.30,110.34,108.99,109.55,13881
17/04/2014,00:00,109.56,110.17,109.06,109.67,13384
18/04/2014,00:00,109.68,109.74,109.66,109.66,72
21/04/2014,00:00,109.52,110.04,108.88,109.91,8222
22/04/2014,00:00,109.92,109.98,108.52,109.46,13175
23/04/2014,00:00,109.45,109.52,108.59,109.21,12746
24/04/2014,00:00,109.22,110.62,109.06,110.35,12279
25/04/2014,00:00,110.36,110.61,109.24,109.49,13152
28/04/2014,00:00,109.79,110.18,107.85,108.18,12342
29/04/2014,00:00,108.17,109.34,108.03,108.82,10014
30/04/2014,00:00,108.82,108.90,107.53,108.10,13104
01/05/2014,00:00,108.11,108.21,106.84,107.66,10578
02/05/2014,00:00,107.67,108.93,107.59,108.60,12229
05/05/2014,00:00,108.52,108.57,106.43,106.86,9404
06/05/2014,00:00,106.85,107.56,106.39,106.48,9969
07/05/2014,00:00,106.47,107.71,106.43,107.54,11556
08/05/2014,00:00,107.54,107.56,106.85,107.46,10059
09/05/2014,00:00,107.45,108.42,107.03,107.29,10095
12/05/2014,00:00,107.44,108.15,107.40,107.77,9246
13/05/2014,00:00,107.75,108.73,107.43,108.71,9383
14/05/2014,00:00,108.72,109.53,108.62,109.27,9527
15/05/2014,00:00,109.26,109.63,108.82,109.07,9319
16/05/2014,00:00,109.06,110.02,108.88,109.71,8380
19/05/2014,00:00,109.81,110.31,109.29,109.34,8420
20/05/2014,00:00,109.35,109.98,109.09,109.82,8983
21/05/2014,00:00,109.81,110.71,109.68,110.49,10633
22/05/2014,00:00,110.50,111.01,110.15,110.40,9002
23/05/2014,00:00,110.39,110.68,110.23,110.57,7055
26/05/2014,00:00,110.44,110.45,109.74,110.21,2827
27/05/2014,00:00,110.31,110.78,109.70,110.18,9239
28/05/2014,00:00,110.17,110.38,109.40,109.96,10023
29/05/2014,00:00,109.97,110.44,109.71,110.07,8503
30/05/2014,00:00,110.08,110.11,109.21,109.54,7914
02/06/2014,00:00,109.56,109.61,107.92,108.10,7036
03/06/2014,00:00,108.11,108.30,107.68,108.15,7675
04/06/2014,00:00,108.16,108.73,107.55,107.60,7890
05/06/2014,00:00,107.62,108.24,107.10,108.19,9287
06/06/2014,00:00,108.21,108.57,107.70,107.97,6829
09/06/2014,00:00,107.83,109.28,107.77,109.01,7349
10/06/2014,00:00,109.00,109.48,108.42,108.87,8909
11/06/2014,00:00,108.88,109.56,108.75,109.48,8094
12/06/2014,00:00,109.46,112.71,109.39,112.56,16913
13/06/2014,00:00,112.57,114.04,111.99,112.27,14170
16/06/2014,00:00,113.20,113.26,112.32,112.91,11677
17/06/2014,00:00,112.91,113.78,112.15,113.45,9072
18/06/2014,00:00,113.44,114.49,113.04,114.23,10598
19/06/2014,00:00,114.24,115.69,114.10,114.97,10497
20/06/2014,00:00,114.93,115.08,114.41,114.70,9866
23/06/2014,00:00,115.01,115.63,113.85,114.04,10910
24/06/2014,00:00,114.04,114.81,113.54,114.25,9189
25/06/2014,00:00,114.24,114.35,113.22,114.18,13543
26/06/2014,00:00,114.15,114.24,113.00,113.07,10432
27/06/2014,00:00,113.06,113.67,112.89,113.20,6162
30/06/2014,00:00,113.13,113.14,112.15,112.30,8561
01/07/2014,00:00,112.32,112.80,111.84,112.18,9726
02/07/2014,00:00,112.17,112.39,110.90,110.95,10900
03/07/2014,00:00,110.96,111.14,110.52,111.04,8635
04/07/2014,00:00,111.03,111.27,110.54,110.55,3909
07/07/2014,00:00,110.56,110.83,109.86,109.96,6448
08/07/2014,00:00,109.97,110.09,108.83,109.02,8156
09/07/2014,00:00,109.03,109.11,108.30,108.33,6893
10/07/2014,00:00,108.33,109.18,107.96,108.89,8629
11/07/2014,00:00,108.88,109.06,106.95,107.30,10010
14/07/2014,00:00,107.31,108.09,106.92,107.63,10508
15/07/2014,00:00,107.64,107.67,105.58,106.73,13727
16/07/2014,00:00,106.72,107.94,106.63,107.21,10677
17/07/2014,00:00,107.20,108.50,106.80,108.36,13413
18/07/2014,00:00,108.37,108.60,106.93,107.10,11468
21/07/2014,00:00,107.01,107.83,106.77,107.74,10529
22/07/2014,00:00,107.73,108.38,107.01,107.01,10205
23/07/2014,00:00,107.02,108.19,106.81,108.15,10741
24/07/2014,00:00,108.16,108.23,106.82,107.19,7860
25/07/2014,00:00,107.19,108.44,106.72,108.18,10319
28/07/2014,00:00,108.10,108.11,107.00,107.55,7476
29/07/2014,00:00,107.54,108.03,107.11,107.48,10698
30/07/2014,00:00,107.48,107.84,105.83,106.01,12296
31/07/2014,00:00,106.02,106.57,105.44,105.49,13558
01/08/2014,00:00,105.50,106.10,104.38,104.62,13114
04/08/2014,00:00,104.72,106.27,104.69,106.00,9896
05/08/2014,00:00,106.00,106.19,104.68,105.47,10563
06/08/2014,00:00,105.48,105.97,105.20,105.25,10856
07/08/2014,00:00,105.25,106.51,104.86,106.36,10322
08/08/2014,00:00,106.36,107.43,105.32,105.40,12094
11/08/2014,00:00,105.56,106.10,105.19,105.27,8896
12/08/2014,00:00,105.26,105.31,103.48,103.74,12682
13/08/2014,00:00,103.75,105.11,103.25,104.80,13138
14/08/2014,00:00,104.81,105.07,101.90,102.15,16022
15/08/2014,00:00,102.17,103.73,102.04,103.26,13034
18/08/2014,00:00,102.92,102.94,101.10,101.84,11606
19/08/2014,00:00,101.81,102.05,101.06,101.57,11413
20/08/2014,00:00,101.55,102.35,101.42,102.29,11518
21/08/2014,00:00,102.28,102.77,101.20,102.70,11604
22/08/2014,00:00,102.71,102.80,101.99,102.17,10243
25/08/2014,00:00,101.75,102.78,101.73,102.68,8568
26/08/2014,00:00,102.69,103.36,102.34,102.54,10020
27/08/2014,00:00,102.53,103.05,102.04,102.55,9452
28/08/2014,00:00,102.56,103.18,102.25,102.46,11814
29/08/2014,00:00,102.47,103.28,102.44,103.05,8992
01/09/2014,00:00,103.09,103.28,102.55,102.59,4647
02/09/2014,00:00,102.59,102.84,100.16,100.52,15265
03/09/2014,00:00,100.52,103.11,100.39,102.37,14285
04/09/2014,00:00,102.36,102.93,101.68,101.82,13737
05/09/2014,00:00,101.83,102.42,100.34,100.91,13120
08/09/2014,00:00,100.77,101.53,100.02,100.87,12331
09/09/2014,00:00,100.89,101.23,99.78,99.99,11373
10/09/2014,00:00,99.99,100.22,98.39,98.80,12439
11/09/2014,00:00,98.80,99.22,97.47,98.92,15061
12/09/2014,00:00,98.93,99.56,97.67,97.91,15406
15/09/2014,00:00,97.20,98.38,97.04,98.01,13744
16/09/2014,00:00,98.00,99.42,97.43,98.91,13717
17/09/2014,00:00,98.92,99.60,98.50,98.70,15477
18/09/2014,00:00,98.69,99.13,97.41,97.61,13331
19/09/2014,00:00,97.62,98.46,97.17,98.33,13025
22/09/2014,00:00,98.02,98.09,96.37,96.86,13117
23/09/2014,00:00,96.85,97.57,96.54,96.91,13345
24/09/2014,00:00,96.90,97.31,95.59,97.06,14688
25/09/2014,00:00,97.05,97.53,96.21,96.99,14729
26/09/2014,00:00,97.00,97.48,96.45,96.99,14011
29/09/2014,00:00,96.69,97.32,96.27,97.12,13392
30/09/2014,00:00,97.11,97.78,94.24,94.86,19380
01/10/2014,00:00,94.86,96.20,93.77,94.13,20187
02/10/2014,00:00,94.14,94.35,91.56,93.78,27227
03/10/2014,00:00,93.79,94.04,91.47,92.17,21478
06/10/2014,00:00,91.81,93.73,91.78,93.45,16781
07/10/2014,00:00,93.44,93.48,91.92,92.23,15920
08/10/2014,00:00,92.24,92.32,91.01,92.02,17396
09/10/2014,00:00,92.03,92.21,88.87,89.03,17584
10/10/2014,00:00,89.04,90.81,88.35,90.10,20991
13/10/2014,00:00,89.29,89.71,88.40,88.60,17479
14/10/2014,00:00,88.60,89.26,84.83,85.87,24503
15/10/2014,00:00,85.88,86.16,83.33,83.80,36192
16/10/2014,00:00,83.81,87.98,82.92,86.03,30019
17/10/2014,00:00,86.01,87.31,85.47,86.15,21435
20/10/2014,00:00,86.45,86.57,84.39,85.28,17105
21/10/2014,00:00,85.29,86.46,85.18,86.34,16179
22/10/2014,00:00,86.35,87.04,84.46,84.66,17946
23/10/2014,00:00,84.66,87.15,84.12,86.79,19653
24/10/2014,00:00,86.80,86.80,85.28,86.27,15396
27/10/2014,00:00,85.75,86.22,84.54,85.36,15165
28/10/2014,00:00,85.36,86.35,85.08,86.16,13012
29/10/2014,00:00,86.16,87.92,86.05,86.88,16915
30/10/2014,00:00,86.87,87.08,85.70,86.00,13992
31/10/2014,00:00,86.01,86.22,84.59,85.90,14136
03/11/2014,00:00,85.99,86.88,84.50,84.67,17596
04/11/2014,00:00,84.67,84.94,82.65,83.34,23548
05/11/2014,00:00,83.30,84.97,82.19,83.78,22611
06/11/2014,00:00,83.78,83.87,82.61,83.38,16711
07/11/2014,00:00,83.38,84.38,82.78,83.58,15998
10/11/2014,00:00,84.26,85.48,82.60,82.62,17446
11/11/2014,00:00,82.63,82.99,81.26,81.93,16117
12/11/2014,00:00,81.92,82.37,80.49,80.59,15497
13/11/2014,00:00,80.59,80.99,77.29,77.60,21544
14/11/2014,00:00,77.60,79.73,76.75,79.59,17528
17/11/2014,00:00,79.23,79.42,77.92,79.07,13729
18/11/2014,00:00,79.07,79.91,78.19,78.41,13287
19/11/2014,00:00,78.41,79.43,78.04,78.17,14584
20/11/2014,00:00,78.16,79.91,77.55,79.91,12203
21/11/2014,00:00,79.92,81.59,79.06,80.52,17570
24/11/2014,00:00,80.38,80.83,79.40,79.50,11784
25/11/2014,00:00,79.50,80.42,78.04,78.16,16084
26/11/2014,00:00,78.16,78.84,77.29,77.54,16907
27/11/2014,00:00,77.54,77.56,71.24,72.79,22566
28/11/2014,00:00,72.42,73.38,69.76,70.00,21419
01/12/2014,00:00,68.68,73.00,67.52,72.80,27692
02/12/2014,00:00,72.80,73.00,70.39,70.96,24192
03/12/2014,00:00,70.94,71.44,69.49,69.85,19179
04/12/2014,00:00,69.84,70.58,68.81,69.46,15269
05/12/2014,00:00,69.45,69.80,68.09,68.79,14785
08/12/2014,00:00,68.04,68.86,66.38,66.52,15663
09/12/2014,00:00,66.52,67.38,65.72,66.76,18333
10/12/2014,00:00,66.76,66.79,63.83,64.70,22409
11/12/2014,00:00,64.72,65.35,63.41,63.58,19241
12/12/2014,00:00,63.58,63.92,61.73,61.95,19013
15/12/2014,00:00,61.39,63.44,60.39,60.63,22192
16/12/2014,00:00,60.63,61.23,58.50,59.82,27394
17/12/2014,00:00,59.79,63.43,58.70,60.64,29465
18/12/2014,00:00,60.63,63.66,59.17,59.88,28828
19/12/2014,00:00,59.87,62.64,59.04,62.33,30066
22/12/2014,00:00,61.67,62.92,59.83,60.06,28659
23/12/2014,00:00,60.07,62.11,59.83,61.19,27294
24/12/2014,00:00,61.20,61.67,59.36,60.27,17331
26/12/2014,00:00,60.37,60.93,59.24,59.49,13712
29/12/2014,00:00,59.74,60.40,57.35,58.00,20367
30/12/2014,00:00,58.01,58.36,56.73,57.50,22465
31/12/2014,00:00,57.51,57.58,55.81,56.65,17688
02/01/2015,00:00,58.29,58.51,55.46,56.28,28654
05/01/2015,00:00,55.93,56.09,52.66,53.02,30308
06/01/2015,00:00,53.03,53.58,50.51,51.05,34485
07/01/2015,00:00,51.05,51.82,49.65,51.08,35060
08/01/2015,00:00,51.07,51.88,49.81,51.05,29016
09/01/2015,00:00,51.07,51.42,48.89,50.03,30675
12/01/2015,00:00,49.44,50.61,48.43,48.44,21275
13/01/2015,00:00,48.44,48.51,46.39,48.03,26799
14/01/2015,00:00,48.04,50.34,46.77,49.79,24017
15/01/2015,00:00,49.78,52.39,48.06,48.25,50724
16/01/2015,00:00,48.24,50.34,48.06,49.95,30070
19/01/2015,00:00,49.99,50.32,48.69,48.78,12513
20/01/2015,00:00,48.85,49.46,47.77,48.13,19725
21/01/2015,00:00,48.13,49.56,48.11,48.72,18400
22/01/2015,00:00,48.72,50.42,48.02,48.81,24165
23/01/2015,00:00,48.80,49.77,48.57,48.67,21012
26/01/2015,00:00,48.25,49.25,47.55,48.08,23992
27/01/2015,00:00,48.07,49.96,47.67,49.23,25030
28/01/2015,00:00,49.24,49.69,48.29,48.51,24571
29/01/2015,00:00,48.51,49.23,48.35,49.01,18248
30/01/2015,00:00,49.02,53.06,48.75,52.17,29702
02/02/2015,00:00,51.91,55.48,51.39,55.09,47193
03/02/2015,00:00,55.11,58.96,54.79,56.99,47769
04/02/2015,00:00,56.99,58.04,53.48,54.47,44191
05/02/2015,00:00,54.48,57.80,53.06,56.53,47689
06/02/2015,00:00,56.53,59.02,56.53,58.09,43187
09/02/2015,00:00,58.08,60.57,57.97,58.97,31200
10/02/2015,00:00,58.96,59.56,57.18,58.07,30695
11/02/2015,00:00,58.09,58.20,55.15,56.43,32594
12/02/2015,00:00,56.41,59.90,56.05,59.19,39157
13/02/2015,00:00,59.19,61.74,59.06,61.39,41789
16/02/2015,00:00,61.64,62.51,60.71,61.39,18114
17/02/2015,00:00,61.58,62.98,60.26,62.20,31893
18/02/2015,00:00,62.21,62.45,59.24,59.39,29665
19/02/2015,00:00,59.39,60.96,57.79,60.09,36520
20/02/2015,00:00,60.09,61.12,59.81,60.03,27373
23/02/2015,00:00,60.00,60.64,58.37,58.98,28516
24/02/2015,00:00,58.98,60.27,58.09,58.56,25085
25/02/2015,00:00,58.55,62.11,58.40,61.91,25945
26/02/2015,00:00,61.90,62.59,59.64,60.64,26963
27/02/2015,00:00,60.63,62.80,60.49,62.05,25584
02/03/2015,00:00,62.08,62.35,59.33,59.86,28201
03/03/2015,00:00,59.86,61.79,59.67,60.86,28119
04/03/2015,00:00,60.85,60.99,59.46,60.41,28339
05/03/2015,00:00,60.42,61.53,60.07,60.67,25232
06/03/2015,00:00,60.66,61.25,59.16,59.77,22637
09/03/2015,00:00,59.34,60.49,58.93,59.04,18036
10/03/2015,00:00,59.04,59.24,56.60,56.98,19882
11/03/2015,00:00,56.97,58.25,56.34,58.20,21202
12/03/2015,00:00,58.20,59.12,56.74,57.23,21782
13/03/2015,00:00,57.24,57.56,54.76,54.81,22507
16/03/2015,00:00,53.91,54.99,52.66,54.13,22780
17/03/2015,00:00,54.13,54.34,52.57,53.23,19307
18/03/2015,00:00,53.26,56.80,52.67,56.18,28794
19/03/2015,00:00,56.19,56.31,53.91,54.39,23068
20/03/2015,00:00,54.40,55.65,53.55,55.15,21859
23/03/2015,00:00,54.70,56.18,54.12,55.79,19604
24/03/2015,00:00,55.79,56.76,54.85,55.31,21166
25/03/2015,00:00,55.30,57.15,54.73,56.36,23269
26/03/2015,00:00,56.35,59.75,56.33,59.06,38355
27/03/2015,00:00,59.05,59.08,55.95,56.15,25182
30/03/2015,00:00,56.00,56.64,55.20,56.43,24956
31/03/2015,00:00,56.45,56.55,54.71,55.21,27438
01/04/2015,00:00,55.21,57.67,54.70,56.69,28673
02/04/2015,00:00,56.69,57.26,54.00,55.18,35641
03/04/2015,00:00,55.18,55.23,55.10,55.10,181
06/04/2015,00:00,55.85,59.41,55.76,58.95,23124
07/04/2015,00:00,58.95,60.30,58.17,59.41,25291
08/04/2015,00:00,59.41,59.73,56.60,57.23,25788
09/04/2015,00:00,57.21,59.14,57.12,57.94,22773
10/04/2015,00:00,57.94,59.18,57.32,58.98,20715
13/04/2015,00:00,58.87,60.58,58.56,59.12,24485
14/04/2015,00:00,59.12,60.43,58.97,60.16,20769
15/04/2015,00:00,60.16,63.45,60.01,62.85,27433
16/04/2015,00:00,62.85,64.85,61.99,63.73,28363
17/04/2015,00:00,63.73,64.48,62.94,63.67,22968
20/04/2015,00:00,64.14,64.38,62.10,63.48,22857
21/04/2015,00:00,63.49,63.53,61.65,61.74,22594
22/04/2015,00:00,61.76,63.30,61.39,62.69,22201
23/04/2015,00:00,62.68,65.56,62.22,64.75,28984
24/04/2015,00:00,64.76,65.78,64.48,65.38,23238
27/04/2015,00:00,65.30,65.60,64.40,64.53,18998
28/04/2015,00:00,64.52,65.48,63.91,64.61,21756
29/04/2015,00:00,64.60,66.70,64.13,65.56,22418
30/04/2015,00:00,65.55,66.91,65.37,66.80,18437
01/05/2015,00:00,66.79,66.91,65.52,66.48,13081
04/05/2015,00:00,66.46,67.09,65.95,66.49,10980
05/05/2015,00:00,66.49,68.38,66.13,67.63,15510
06/05/2015,00:00,67.62,69.61,67.35,67.46,17601
07/05/2015,00:00,67.47,68.47,65.17,65.65,17964
08/05/2015,00:00,65.63,66.07,64.23,65.48,19926
11/05/2015,00:00,65.28,66.52,65.01,65.59,18381
12/05/2015,00:00,65.60,67.81,65.40,67.81,20770
13/05/2015,00:00,67.80,68.51,66.86,66.98,20703
14/05/2015,00:00,66.99,67.80,66.26,66.70,17754
15/05/2015,00:00,66.70,66.99,65.36,66.93,18041
18/05/2015,00:00,66.84,67.86,65.91,66.32,16939
19/05/2015,00:00,66.31,66.38,63.95,64.34,16765
20/05/2015,00:00,64.34,65.15,64.12,64.79,15242
21/05/2015,00:00,64.80,66.86,64.79,66.47,15857
22/05/2015,00:00,66.46,66.60,65.10,65.54,13956
25/05/2015,00:00,65.47,66.21,64.72,65.84,6383
26/05/2015,00:00,65.61,65.66,63.28,63.96,14578
27/05/2015,00:00,63.95,64.65,61.96,62.32,17860
28/05/2015,00:00,62.31,62.92,61.24,62.87,18759
29/05/2015,00:00,62.87,65.82,62.68,65.51,21091
01/06/2015,00:00,65.21,65.72,64.25,64.90,18994
02/06/2015,00:00,64.91,65.82,64.58,65.36,21298
03/06/2015,00:00,65.35,65.42,63.50,63.70,24453
04/06/2015,00:00,63.70,64.05,61.80,62.10,21389
05/06/2015,00:00,62.10,63.40,60.94,63.19,25106
08/06/2015,00:00,62.82,64.03,62.78,63.30,18425
09/06/2015,00:00,63.32,65.77,63.19,65.65,17805
10/06/2015,00:00,65.64,66.93,65.44,66.21,23567
11/06/2015,00:00,66.20,66.69,65.21,65.51,20115
12/06/2015,00:00,65.50,65.62,64.51,64.67,17079
15/06/2015,00:00,64.26,64.75,63.37,63.82,15385
16/06/2015,00:00,63.82,64.39,63.42,63.75,17072
17/06/2015,00:00,63.74,65.46,62.60,63.78,22091
18/06/2015,00:00,63.77,64.95,63.45,64.24,17540
19/06/2015,00:00,64.22,64.55,62.34,62.85,15737
22/06/2015,00:00,62.72,63.74,62.10,63.33,16174
23/06/2015,00:00,63.33,64.88,62.77,64.45,18227
24/06/2015,00:00,64.46,65.03,63.01,63.56,18959
25/06/2015,00:00,63.57,63.94,62.72,63.31,14782
26/06/2015,00:00,63.31,63.60,62.50,63.17,14254
29/06/2015,00:00,62.63,62.95,61.35,61.99,19288
30/06/2015,00:00,61.98,63.81,61.70,63.23,16381
01/07/2015,00:00,63.20,63.34,61.84,62.04,16188
02/07/2015,00:00,62.03,63.19,61.77,61.84,15138
03/07/2015,00:00,61.83,62.05,60.12,60.55,8649
06/07/2015,00:00,59.51,59.94,56.37,56.71,23333
07/07/2015,00:00,56.72,57.82,55.10,57.37,28060
08/07/2015,00:00,57.37,57.74,55.86,57.29,24995
09/07/2015,00:00,57.28,59.24,57.01,58.51,23534
10/07/2015,00:00,58.51,59.65,57.86,58.71,18408
13/07/2015,00:00,58.04,59.13,57.16,58.15,21126
14/07/2015,00:00,58.15,58.93,56.75,58.87,23898
15/07/2015,00:00,58.88,58.97,56.92,57.34,19854
16/07/2015,00:00,57.35,57.99,56.86,57.01,17713
17/07/2015,00:00,57.02,57.34,56.40,57.07,16342
20/07/2015,00:00,57.08,57.43,56.33,56.50,14267
21/07/2015,00:00,56.50,57.43,56.33,56.94,13388
22/07/2015,00:00,56.93,57.08,55.92,56.03,15681
23/07/2015,00:00,56.03,56.51,55.10,55.45,15138
24/07/2015,00:00,55.46,55.58,54.30,54.61,14766
27/07/2015,00:00,54.71,54.88,52.82,52.87,14821
28/07/2015,00:00,52.88,54.07,52.29,53.01,16955
29/07/2015,00:00,53.01,54.32,52.51,53.59,17505
30/07/2015,00:00,53.61,54.37,53.02,53.33,15013
31/07/2015,00:00,53.32,53.46,51.62,51.79,16014
03/08/2015,00:00,51.81,52.00,49.37,49.65,19657
04/08/2015,00:00,49.66,50.44,49.58,50.19,12897
05/08/2015,00:00,50.20,50.98,49.02,49.63,16233
06/08/2015,00:00,49.64,49.82,48.88,49.74,15201
07/08/2015,00:00,49.73,50.06,48.42,48.51,15970
10/08/2015,00:00,48.33,51.08,48.29,50.80,12924
11/08/2015,00:00,50.80,51.68,49.18,49.71,15313
12/08/2015,00:00,49.72,50.52,49.28,50.23,20281
13/08/2015,00:00,50.22,50.82,49.25,49.62,16298
14/08/2015,00:00,49.61,49.82,48.65,48.72,13076
17/08/2015,00:00,48.68,49.43,48.35,48.64,13704
18/08/2015,00:00,48.64,49.04,48.25,48.51,10736
19/08/2015,00:00,48.52,49.10,46.77,46.85,16058
20/08/2015,00:00,46.85,47.37,46.03,46.16,14682
21/08/2015,00:00,46.15,46.50,45.07,45.29,16357
24/08/2015,00:00,45.23,45.26,42.20,42.49,26996
25/08/2015,00:00,42.50,44.45,42.38,43.44,24774
26/08/2015,00:00,43.43,43.73,42.79,43.60,23325
27/08/2015,00:00,43.58,47.72,43.58,47.54,25701
28/08/2015,00:00,47.55,50.95,46.59,49.87,36943
31/08/2015,00:00,49.49,54.28,48.23,52.90,39493
01/09/2015,00:00,52.91,53.44,48.46,48.50,44064
02/09/2015,00:00,48.48,50.97,47.72,50.36,44315
03/09/2015,00:00,50.35,52.42,49.81,50.56,35040
04/09/2015,00:00,50.56,50.99,49.25,49.25,29860
07/09/2015,00:00,49.23,50.28,48.35,48.57,12404
08/09/2015,00:00,48.83,50.68,48.49,50.20,26415
09/09/2015,00:00,50.21,50.84,48.36,48.40,24607
10/09/2015,00:00,48.41,49.87,47.71,49.62,26843
11/09/2015,00:00,49.63,49.88,48.09,49.04,21322
14/09/2015,00:00,49.00,49.17,47.23,47.46,16915
15/09/2015,00:00,47.45,48.13,46.99,47.98,17409
16/09/2015,00:00,47.99,50.30,47.68,49.87,20072
17/09/2015,00:00,49.88,50.11,48.31,49.18,25352
18/09/2015,00:00,49.18,49.72,47.13,47.72,21785
21/09/2015,00:00,47.56,48.96,47.48,48.64,16519
22/09/2015,00:00,48.66,49.18,47.68,49.15,16817
23/09/2015,00:00,49.15,50.22,47.65,47.78,21328
24/09/2015,00:00,47.78,48.44,47.38,48.25,21938
25/09/2015,00:00,48.25,49.07,47.83,48.33,19024
28/09/2015,00:00,48.31,48.37,47.24,47.33,15011
29/09/2015,00:00,47.34,48.61,47.23,47.95,15524
30/09/2015,00:00,47.94,48.94,47.77,48.49,18288
01/10/2015,00:00,48.51,49.80,47.61,47.96,22450
02/10/2015,00:00,47.94,48.47,46.91,48.16,21152
05/10/2015,00:00,48.11,49.83,48.11,49.21,17132
06/10/2015,00:00,49.20,52.21,48.84,52.18,21875
07/10/2015,00:00,52.17,53.12,51.19,51.70,27491
08/10/2015,00:00,51.68,53.49,51.26,53.31,24230
09/10/2015,00:00,53.26,54.02,52.21,52.48,23110
12/10/2015,00:00,52.77,53.58,50.14,50.61,20161
13/10/2015,00:00,50.62,51.10,49.32,49.60,23827
14/10/2015,00:00,49.61,49.98,49.19,49.46,21002
15/10/2015,00:00,49.47,50.24,48.68,50.12,20612
16/10/2015,00:00,50.11,50.65,49.29,50.42,17877
19/10/2015,00:00,50.45,50.48,48.55,48.89,16503
20/10/2015,00:00,48.89,49.16,48.20,48.48,15332
21/10/2015,00:00,48.48,48.61,47.48,47.89,18615
22/10/2015,00:00,47.90,48.70,47.63,48.28,14932
23/10/2015,00:00,48.27,48.62,47.43,48.01,17696
26/10/2015,00:00,47.96,48.29,47.28,47.32,12231
27/10/2015,00:00,47.32,47.52,46.39,46.95,12477
28/10/2015,00:00,46.96,49.20,46.58,49.16,19471
29/10/2015,00:00,49.15,49.35,48.14,48.56,17797
30/10/2015,00:00,48.55,49.97,48.26,49.43,16950
02/11/2015,00:00,49.36,49.65,48.59,48.73,14937
03/11/2015,00:00,48.73,50.88,48.44,50.28,17300
04/11/2015,00:00,50.28,50.83,48.47,48.82,21250
05/11/2015,00:00,48.83,48.97,47.90,48.08,17178
06/11/2015,00:00,48.09,48.55,47.25,47.58,15327
09/11/2015,00:00,47.62,49.10,47.50,48.06,15492
10/11/2015,00:00,48.05,48.50,47.65,47.73,14186
11/11/2015,00:00,47.73,48.33,46.40,46.63,14506
12/11/2015,00:00,46.62,47.04,45.03,45.08,18567
13/11/2015,00:00,45.09,45.92,44.14,44.46,15408
16/11/2015,00:00,44.56,45.14,43.13,44.86,20649
17/11/2015,00:00,44.87,45.07,43.48,43.99,18847
18/11/2015,00:00,43.99,44.71,43.32,44.18,17975
19/11/2015,00:00,44.18,44.73,43.68,44.24,14812
20/11/2015,00:00,44.25,45.47,44.04,44.44,14847
23/11/2015,00:00,44.46,45.69,43.55,45.08,21041
24/11/2015,00:00,45.08,46.47,44.90,45.90,18602
25/11/2015,00:00,45.87,46.46,45.00,46.26,17792
26/11/2015,00:00,46.27,46.30,44.98,45.58,8830
27/11/2015,00:00,45.56,45.60,44.77,44.84,9430
30/11/2015,00:00,44.82,45.72,44.42,44.53,13634
01/12/2015,00:00,44.54,45.15,44.00,44.25,17026
02/12/2015,00:00,44.26,44.59,42.41,42.69,18713
03/12/2015,00:00,42.70,44.66,42.57,44.04,20156
04/12/2015,00:00,44.05,44.79,42.66,43.08,21870
07/12/2015,00:00,42.76,43.46,41.07,41.15,14548
08/12/2015,00:00,41.16,41.80,40.17,40.71,18971
09/12/2015,00:00,40.70,41.74,39.77,40.44,19755
10/12/2015,00:00,40.45,40.93,39.80,39.85,16504
11/12/2015,00:00,39.87,40.10,37.70,38.26,16449
14/12/2015,00:00,38.22,38.65,36.73,38.00,22447
15/12/2015,00:00,37.99,39.66,37.79,38.29,21949
16/12/2015,00:00,38.28,38.71,37.15,37.53,20136
17/12/2015,00:00,37.52,37.90,36.74,36.94,15288
18/12/2015,00:00,36.93,37.70,36.39,36.66,14962
21/12/2015,00:00,36.38,36.72,36.01,36.20,12891
22/12/2015,00:00,36.19,36.69,35.96,36.36,10835
23/12/2015,00:00,36.34,37.86,36.26,37.75,12947
24/12/2015,00:00,37.74,38.07,36.92,37.88,9507
28/12/2015,00:00,37.80,37.82,36.39,36.43,8521
29/12/2015,00:00,36.44,37.95,36.40,37.32,8987
30/12/2015,00:00,37.31,37.49,36.33,36.67,8957
31/12/2015,00:00,36.66,37.92,36.08,37.58,11256
04/01/2016,00:00,38.29,38.95,36.75,37.34,17625
05/01/2016,00:00,37.35,37.55,36.22,36.58,15763
06/01/2016,00:00,36.57,36.65,34.11,34.38,18820
07/01/2016,00:00,34.38,34.71,32.13,33.73,27237
08/01/2016,00:00,33.72,34.67,32.76,33.34,23646
11/01/2016,00:00,33.05,33.70,31.50,31.63,18465
12/01/2016,00:00,31.63,32.66,30.49,30.85,22731
13/01/2016,00:00,30.84,31.80,29.92,30.17,25563
14/01/2016,00:00,30.18,31.16,29.68,31.07,19886
15/01/2016,00:00,31.01,31.13,28.80,29.12,21681
18/01/2016,00:00,28.25,29.54,27.96,28.59,14453
19/01/2016,00:00,28.64,30.22,28.58,28.72,20739
20/01/2016,00:00,28.72,28.80,27.08,27.82,23106
21/01/2016,00:00,27.82,29.80,27.26,29.56,27720
22/01/2016,00:00,29.58,32.27,29.26,32.10,26017
25/01/2016,00:00,32.32,33.47,30.82,30.91,21309
26/01/2016,00:00,30.91,33.47,30.10,31.67,24935
27/01/2016,00:00,31.67,34.29,31.58,33.76,32872
28/01/2016,00:00,33.75,36.71,33.37,35.34,35391
29/01/2016,00:00,35.34,36.14,34.56,35.86,25576
01/02/2016,00:00,35.46,36.03,33.90,34.00,25361
02/02/2016,00:00,34.00,34.14,32.21,32.47,24036
03/02/2016,00:00,32.46,35.46,32.28,35.43,28689
04/02/2016,00:00,35.44,35.77,34.14,34.37,29917
05/02/2016,00:00,34.36,35.11,33.78,34.11,27077
08/02/2016,00:00,33.92,34.64,32.75,33.09,22396
09/02/2016,00:00,33.09,33.53,30.25,30.72,24509
10/02/2016,00:00,30.73,31.87,30.33,30.88,24829
11/02/2016,00:00,30.87,31.32,29.90,31.06,31335
12/02/2016,00:00,31.05,33.40,30.84,32.74,27511
15/02/2016,00:00,32.83,33.90,32.78,33.58,11439
16/02/2016,00:00,34.20,35.51,31.90,32.32,29554
17/02/2016,00:00,32.33,34.94,31.80,34.92,27586
18/02/2016,00:00,34.91,35.70,33.77,34.02,25047
19/02/2016,00:00,34.01,34.42,32.66,33.23,20266
22/02/2016,00:00,33.07,35.53,33.07,35.17,15626
23/02/2016,00:00,35.17,35.61,33.59,33.70,19686
24/02/2016,00:00,33.69,35.27,33.07,35.03,22835
25/02/2016,00:00,35.04,36.09,33.85,35.54,23041
26/02/2016,00:00,35.55,37.24,35.10,35.50,24937
29/02/2016,00:00,35.57,36.71,35.06,36.64,18892
01/03/2016,00:00,36.63,37.22,35.93,36.55,20226
02/03/2016,00:00,36.56,37.32,36.08,37.03,20645
03/03/2016,00:00,37.02,37.33,36.33,36.97,16677
04/03/2016,00:00,36.97,38.90,36.80,38.90,20167
07/03/2016,00:00,39.10,41.01,38.86,40.73,20146
08/03/2016,00:00,40.74,41.45,39.29,39.46,22613
09/03/2016,00:00,39.47,41.14,39.37,40.78,23006
10/03/2016,00:00,40.78,40.98,39.62,40.22,23317
11/03/2016,00:00,40.22,41.00,39.99,40.39,16742
14/03/2016,00:00,40.39,40.48,38.80,39.67,16666
15/03/2016,00:00,39.68,39.72,38.31,38.95,15538
16/03/2016,00:00,38.94,40.41,38.81,40.27,17092
17/03/2016,00:00,40.26,41.58,40.14,41.46,18077
18/03/2016,00:00,41.45,42.52,41.06,41.40,18662
21/03/2016,00:00,41.08,41.85,40.47,41.53,15216
22/03/2016,00:00,41.51,42.05,40.96,41.62,16523
23/03/2016,00:00,41.61,41.80,40.42,40.50,16705
24/03/2016,00:00,40.49,40.63,39.22,40.42,17613
25/03/2016,00:00,40.43,40.52,40.40,40.42,48
28/03/2016,00:00,40.59,41.61,40.23,40.76,9753
29/03/2016,00:00,40.75,40.84,39.46,40.07,11871
30/03/2016,00:00,40.05,41.33,39.87,39.98,12975
31/03/2016,00:00,39.98,40.84,39.50,40.10,13516
01/04/2016,00:00,40.11,40.42,38.55,38.63,14538
04/04/2016,00:00,38.40,38.91,37.50,37.50,11447
05/04/2016,00:00,37.51,38.41,37.26,38.40,11808
06/04/2016,00:00,38.40,39.93,38.16,39.73,13963
07/04/2016,00:00,39.73,40.27,38.69,39.63,13759
08/04/2016,00:00,39.64,41.99,39.62,41.84,16532
11/04/2016,00:00,42.28,43.05,41.41,42.77,16805
12/04/2016,00:00,42.76,44.79,42.55,44.21,19930
13/04/2016,00:00,44.22,44.93,43.76,43.86,20128
14/04/2016,00:00,43.85,44.61,43.29,43.85,14843
15/04/2016,00:00,43.85,44.04,42.28,43.09,15800
18/04/2016,00:00,40.91,43.40,40.57,43.13,23613
19/04/2016,00:00,43.14,44.49,42.60,43.98,21236
20/04/2016,00:00,44.00,45.87,42.81,45.54,22146
21/04/2016,00:00,45.55,46.18,44.44,44.75,22949
22/04/2016,00:00,44.74,45.88,44.29,45.12,20784
25/04/2016,00:00,44.80,45.46,44.22,44.62,16834
26/04/2016,00:00,44.63,46.30,44.16,46.19,14862
27/04/2016,00:00,46.18,47.19,45.44,46.95,19343
28/04/2016,00:00,46.97,47.81,46.51,47.55,15870
29/04/2016,00:00,47.56,48.27,46.76,47.38,17814
02/05/2016,00:00,47.02,47.32,45.71,45.90,16462
03/05/2016,00:00,45.91,46.39,44.62,45.22,19149
04/05/2016,00:00,45.23,46.00,44.19,44.93,20296
05/05/2016,00:00,44.92,46.76,44.65,45.20,19781
06/05/2016,00:00,45.21,46.10,44.19,45.30,21607
09/05/2016,00:00,46.13,46.29,43.50,43.52,20197
10/05/2016,00:00,43.50,45.68,43.32,45.49,19099
11/05/2016,00:00,45.49,47.73,44.80,47.28,21211
12/05/2016,00:00,47.28,48.18,46.80,47.91,20618
13/05/2016,00:00,47.92,48.10,47.27,47.88,18376
16/05/2016,00:00,47.90,49.46,47.80,49.06,16245
17/05/2016,00:00,49.08,49.66,48.57,49.55,18541
18/05/2016,00:00,49.56,49.81,48.45,48.52,23046
19/05/2016,00:00,48.51,48.87,47.38,48.85,20303
20/05/2016,00:00,48.84,49.38,48.07,48.79,17392
23/05/2016,00:00,48.50,49.16,48.16,48.93,13360
24/05/2016,00:00,48.94,49.81,48.37,49.68,12075
25/05/2016,00:00,49.67,50.44,49.41,50.37,14109
26/05/2016,00:00,50.35,50.95,49.81,50.07,14342
27/05/2016,00:00,50.06,50.13,49.34,50.10,13687
30/05/2016,00:00,50.07,50.39,49.54,50.27,4934
31/05/2016,00:00,50.32,50.85,49.54,49.56,11785
01/06/2016,00:00,49.55,49.99,48.65,49.70,15292
02/06/2016,00:00,49.71,50.29,48.84,49.92,18722
03/06/2016,00:00,49.93,50.32,49.30,49.82,14756
06/06/2016,00:00,49.83,50.82,49.83,50.52,11914
07/06/2016,00:00,50.54,51.53,50.27,51.47,11699
08/06/2016,00:00,51.48,52.79,51.32,52.73,14357
09/06/2016,00:00,52.72,52.83,51.53,51.80,13692
10/06/2016,00:00,51.81,52.09,50.32,50.42,14777
13/06/2016,00:00,50.24,50.78,49.61,50.00,14253
14/06/2016,00:00,50.01,50.06,49.22,49.22,11328
15/06/2016,00:00,49.23,49.79,48.39,48.58,17242
16/06/2016,00:00,48.58,48.75,46.94,47.02,16339
17/06/2016,00:00,47.02,49.39,47.00,49.37,13938
20/06/2016,00:00,49.39,50.67,49.36,50.38,12279
21/06/2016,00:00,50.39,51.09,49.46,50.90,13149
22/06/2016,00:00,50.91,51.23,49.17,49.80,15492
23/06/2016,00:00,49.80,50.99,49.80,50.96,14547
24/06/2016,00:00,50.94,51.17,47.53,48.36,40320
27/06/2016,00:00,47.98,49.45,47.30,48.11,18042
28/06/2016,00:00,48.12,49.44,48.00,49.40,16034
29/06/2016,00:00,49.39,51.42,49.32,50.88,14874
30/06/2016,00:00,50.87,51.00,49.54,49.80,16021
01/07/2016,00:00,49.79,50.64,49.25,50.64,14261
04/07/2016,00:00,50.43,50.74,50.02,50.04,6973
05/07/2016,00:00,50.01,50.01,47.53,48.20,15602
06/07/2016,00:00,48.22,49.29,47.17,49.25,20320
07/07/2016,00:00,49.25,49.58,46.15,46.47,21505
08/07/2016,00:00,46.47,47.22,46.14,46.55,20074
11/07/2016,00:00,46.47,47.09,45.90,46.07,17265
12/07/2016,00:00,46.08,48.56,46.00,48.21,18645
13/07/2016,00:00,48.21,48.21,46.08,46.60,19456
14/07/2016,00:00,46.60,47.46,46.34,47.16,17314
15/07/2016,00:00,47.15,48.04,46.65,47.98,16027
18/07/2016,00:00,47.54,47.90,46.50,46.94,14130
19/07/2016,00:00,46.95,47.48,46.53,46.66,12624
20/07/2016,00:00,46.66,47.48,45.90,47.09,13525
21/07/2016,00:00,47.10,47.56,46.05,46.05,14320
22/07/2016,00:00,46.06,46.49,45.17,45.72,14360
25/07/2016,00:00,45.75,46.18,44.97,45.08,10580
26/07/2016,00:00,45.09,45.33,44.52,44.91,13306
27/07/2016,00:00,44.91,45.32,43.72,43.85,15155
28/07/2016,00:00,43.84,44.13,43.14,43.19,13473
29/07/2016,00:00,43.19,43.59,42.51,43.36,13027
01/08/2016,00:00,43.26,43.84,41.86,42.22,12580
02/08/2016,00:00,42.23,43.15,41.51,41.92,14087
03/08/2016,00:00,41.91,43.44,41.57,43.42,18850
04/08/2016,00:00,43.43,44.32,42.51,44.16,15962
05/08/2016,00:00,44.16,44.48,43.51,44.43,15537
08/08/2016,00:00,44.44,45.70,44.24,45.18,12170
09/08/2016,00:00,45.19,45.75,44.75,44.99,13132
10/08/2016,00:00,44.98,45.66,43.81,43.83,15348
11/08/2016,00:00,43.84,46.29,43.46,45.96,16402
12/08/2016,00:00,45.95,47.24,45.75,47.18,17424
15/08/2016,00:00,47.08,48.52,46.84,48.28,13608
16/08/2016,00:00,48.29,49.35,47.89,49.01,16040
17/08/2016,00:00,49.03,49.91,48.55,49.82,18750
18/08/2016,00:00,49.81,51.04,49.51,50.90,14074
19/08/2016,00:00,50.89,51.21,50.32,50.78,14796
22/08/2016,00:00,50.42,50.57,49.50,49.55,13477
23/08/2016,00:00,49.55,50.62,48.89,49.83,14677
24/08/2016,00:00,49.84,50.13,48.97,49.29,14864
25/08/2016,00:00,49.31,50.01,48.93,49.93,12128
26/08/2016,00:00,49.91,50.98,49.38,49.90,15548
29/08/2016,00:00,49.73,49.82,49.15,49.41,10200
30/08/2016,00:00,49.41,49.89,48.48,48.70,11716
31/08/2016,00:00,48.71,48.77,46.77,46.99,12393
01/09/2016,00:00,46.99,47.23,45.32,45.76,13986
02/09/2016,00:00,45.78,47.01,45.40,46.61,17280
05/09/2016,00:00,46.53,49.37,46.40,47.40,20148
06/09/2016,00:00,47.50,47.99,46.29,47.35,15551
07/09/2016,00:00,47.34,48.55,46.97,48.49,15154
08/09/2016,00:00,48.50,50.12,48.20,49.68,16857
09/09/2016,00:00,49.69,49.71,47.76,47.86,14496
12/09/2016,00:00,47.60,48.61,46.89,48.16,19619
13/09/2016,00:00,48.17,48.22,46.96,47.13,18842
14/09/2016,00:00,47.14,47.48,45.70,45.98,18624
15/09/2016,00:00,45.97,46.99,45.67,46.32,18053
16/09/2016,00:00,46.32,46.42,45.49,46.00,15371
19/09/2016,00:00,46.44,46.91,45.85,45.88,12937
20/09/2016,00:00,45.88,46.29,45.09,46.12,16377
21/09/2016,00:00,46.13,47.12,46.10,47.11,15934
22/09/2016,00:00,47.12,47.82,46.98,47.51,12752
23/09/2016,00:00,47.50,48.25,45.64,46.01,19799
26/09/2016,00:00,46.31,48.23,46.18,47.54,15276
27/09/2016,00:00,47.54,47.87,46.17,46.81,18249
28/09/2016,00:00,46.82,49.49,46.28,49.31,28543
29/09/2016,00:00,49.30,50.38,48.55,49.64,20654
30/09/2016,00:00,49.65,50.26,48.90,50.00,15250
03/10/2016,00:00,49.79,51.13,49.76,50.81,14424
04/10/2016,00:00,50.80,51.33,50.33,51.25,16198
05/10/2016,00:00,51.25,52.09,51.24,51.69,14006
06/10/2016,00:00,51.70,52.70,51.32,52.63,12612
07/10/2016,00:00,52.63,52.83,51.33,51.67,16058
10/10/2016,00:00,51.35,53.73,51.33,52.90,14161
11/10/2016,00:00,52.90,53.28,52.11,52.54,16576
12/10/2016,00:00,52.54,52.86,51.61,51.72,13801
13/10/2016,00:00,51.72,52.14,50.92,51.96,14900
14/10/2016,00:00,51.95,52.54,51.50,52.01,13184
17/10/2016,00:00,51.75,52.28,51.15,51.63,12083
18/10/2016,00:00,51.63,52.12,51.25,52.10,9949
19/10/2016,00:00,52.08,53.12,52.03,52.55,10595
20/10/2016,00:00,52.56,52.71,51.17,51.38,10916
21/10/2016,00:00,51.38,51.93,51.12,51.91,11357
24/10/2016,00:00,51.58,52.90,51.50,52.37,11227
25/10/2016,00:00,52.36,52.80,51.24,51.25,11431
26/10/2016,00:00,51.25,51.79,50.75,51.05,13126
27/10/2016,00:00,51.06,51.96,50.94,51.46,12437
28/10/2016,00:00,51.48,51.66,50.34,50.68,12568
31/10/2016,00:00,50.31,50.75,48.45,48.54,12421
01/11/2016,00:00,48.55,49.25,47.72,47.92,18103
02/11/2016,00:00,47.93,48.02,46.48,47.08,14522
03/11/2016,00:00,47.09,47.51,45.99,46.35,11270
04/11/2016,00:00,46.34,46.55,45.08,45.55,16975
07/11/2016,00:00,45.95,46.37,45.38,46.30,11722
08/11/2016,00:00,46.31,46.68,45.60,45.88,13484
09/11/2016,00:00,45.88,46.94,44.40,46.53,34696
10/11/2016,00:00,46.53,46.91,45.56,45.59,19261
11/11/2016,00:00,45.59,45.88,44.20,44.60,15052
14/11/2016,00:00,44.97,44.97,43.57,44.73,15367
15/11/2016,00:00,44.72,47.23,44.67,46.95,17580
16/11/2016,00:00,46.96,47.55,46.25,46.35,20391
17/11/2016,00:00,46.35,47.60,46.01,46.03,16811
18/11/2016,00:00,46.03,46.98,45.74,46.82,16896
21/11/2016,00:00,47.21,50.24,47.17,50.10,12654
22/11/2016,00:00,50.11,51.02,49.20,50.01,16906
23/11/2016,00:00,50.01,50.48,49.55,49.95,14052
24/11/2016,00:00,49.95,50.23,49.78,49.88,5137
25/11/2016,00:00,49.94,50.02,47.85,47.89,8592
28/11/2016,00:00,47.62,49.75,47.51,48.97,18732
29/11/2016,00:00,48.97,49.04,46.92,47.31,16875
30/11/2016,00:00,47.31,52.35,47.21,51.40,29147
01/12/2016,00:00,51.41,54.52,51.34,53.67,20806
02/12/2016,00:00,53.66,54.49,52.84,54.34,15392
05/12/2016,00:00,53.94,55.31,53.77,54.17,12890
06/12/2016,00:00,54.16,54.92,53.49,53.93,11713
07/12/2016,00:00,53.94,54.21,52.91,52.99,14152
08/12/2016,00:00,52.99,54.02,52.80,53.92,14100
09/12/2016,00:00,53.91,54.44,53.76,54.33,11273
12/12/2016,00:00,56.57,57.23,55.11,55.41,16276
13/12/2016,00:00,55.42,56.42,55.15,55.27,12569
14/12/2016,00:00,55.28,55.78,53.56,53.69,15032
15/12/2016,00:00,53.70,54.47,53.13,54.15,13428
16/12/2016,00:00,54.15,55.36,53.70,55.25,11477
19/12/2016,00:00,55.39,56.39,55.31,55.62,9706
20/12/2016,00:00,55.63,56.47,55.37,56.16,8581
21/12/2016,00:00,56.17,56.49,55.10,55.27,8561
22/12/2016,00:00,55.27,55.98,54.81,55.55,7947
23/12/2016,00:00,55.56,55.96,55.00,55.80,7308
27/12/2016,00:00,55.90,56.98,55.76,56.77,6430
28/12/2016,00:00,56.76,57.25,56.59,56.64,7122
29/12/2016,00:00,56.64,57.29,56.61,56.84,7186
30/12/2016,00:00,56.84,57.18,56.44,56.74,6642
03/01/2017,00:00,57.19,58.36,55.29,55.62,14381
04/01/2017,00:00,55.62,56.52,55.32,56.45,12466
05/01/2017,00:00,56.46,57.33,56.00,56.88,12017
06/01/2017,00:00,56.88,57.44,56.28,56.81,11171
09/01/2017,00:00,56.96,56.99,54.73,54.73,9735
10/01/2017,00:00,54.73,55.34,53.57,53.61,10663
11/01/2017,00:00,53.62,55.65,53.58,55.22,14416
12/01/2017,00:00,55.22,56.41,55.00,56.02,12326
13/01/2017,00:00,56.03,56.19,55.27,55.56,11568
16/01/2017,00:00,55.58,55.91,55.19,55.69,5547
17/01/2017,00:00,55.66,56.94,55.41,55.49,11564
18/01/2017,00:00,55.48,55.88,53.77,54.26,12667
19/01/2017,00:00,54.26,54.76,53.90,54.17,12373
20/01/2017,00:00,54.17,55.79,54.16,55.43,10079
23/01/2017,00:00,55.53,56.10,55.10,55.72,10996
24/01/2017,00:00,55.73,56.24,55.50,55.59,9088
25/01/2017,00:00,55.61,56.04,55.16,55.65,10703
26/01/2017,00:00,55.63,56.77,55.48,56.33,8739
27/01/2017,00:00,56.33,56.71,55.09,55.60,8889
30/01/2017,00:00,55.48,55.85,55.05,55.30,8369
31/01/2017,00:00,55.30,56.43,54.97,55.61,9116
01/02/2017,00:00,55.62,56.81,55.36,56.53,10785
02/02/2017,00:00,56.54,57.43,56.33,56.70,10191
03/02/2017,00:00,56.70,57.28,56.38,56.82,9855
06/02/2017,00:00,56.91,57.12,55.65,55.85,7899
07/02/2017,00:00,55.86,55.97,54.63,54.67,8891
08/02/2017,00:00,54.65,55.67,54.49,55.15,11259
09/02/2017,00:00,55.16,55.91,55.15,55.71,8622
10/02/2017,00:00,55.69,56.86,55.59,56.69,7587
13/02/2017,00:00,56.54,56.78,55.42,55.55,8103
14/02/2017,00:00,55.55,56.44,55.53,55.81,8354
15/02/2017,00:00,55.82,56.23,55.55,55.63,8650
16/02/2017,00:00,55.62,56.22,55.12,55.75,8152
17/02/2017,00:00,55.74,55.85,55.09,55.75,6938
20/02/2017,00:00,55.81,56.65,55.68,56.30,3711
21/02/2017,00:00,56.28,57.39,56.27,56.67,7629
22/02/2017,00:00,56.67,57.07,55.83,56.28,7354
23/02/2017,00:00,56.28,57.46,56.28,56.70,7873
24/02/2017,00:00,56.69,56.90,56.07,56.34,6653
27/02/2017,00:00,56.31,57.04,56.28,56.38,5829
28/02/2017,00:00,56.39,56.62,55.61,56.50,7479
01/03/2017,00:00,56.51,57.02,56.23,56.26,7417
02/03/2017,00:00,56.29,56.42,55.02,55.02,7772
03/03/2017,00:00,55.02,55.93,55.02,55.78,5942
06/03/2017,00:00,55.76,56.23,55.31,55.96,7011
07/03/2017,00:00,55.97,56.63,55.55,55.56,6728
08/03/2017,00:00,55.57,55.75,52.92,53.11,10651
09/03/2017,00:00,53.12,53.82,51.49,52.45,17252
10/03/2017,00:00,52.44,52.99,51.13,51.38,13500
13/03/2017,00:00,50.93,51.67,50.90,51.40,11663
14/03/2017,00:00,51.40,51.83,50.23,51.61,13341
15/03/2017,00:00,51.60,52.04,51.35,51.91,11932
16/03/2017,00:00,51.93,52.63,51.49,51.68,9303
17/03/2017,00:00,51.68,52.15,51.52,51.68,6799
20/03/2017,00:00,51.64,51.94,51.01,51.64,8112
21/03/2017,00:00,51.65,52.21,50.73,50.85,9046
22/03/2017,00:00,50.84,50.97,49.71,50.74,10568
23/03/2017,00:00,50.73,51.08,50.25,50.50,7038
24/03/2017,00:00,50.51,51.04,50.40,50.98,6375
27/03/2017,00:00,50.95,50.98,50.13,50.96,7095
28/03/2017,00:00,50.96,51.99,50.93,51.44,6599
29/03/2017,00:00,51.44,52.59,51.39,52.59,6890
30/03/2017,00:00,52.58,53.26,52.17,53.07,7130
31/03/2017,00:00,53.07,53.75,52.60,53.69,6662
03/04/2017,00:00,53.44,53.71,53.04,53.08,5532
04/04/2017,00:00,53.08,54.36,52.73,54.19,6256
05/04/2017,00:00,54.18,55.08,53.98,54.03,7412
06/04/2017,00:00,54.04,54.99,53.96,54.85,5763
07/04/2017,00:00,54.85,56.08,54.57,55.23,10426
10/04/2017,00:00,55.44,56.04,55.23,56.01,5870
11/04/2017,00:00,55.99,56.28,55.45,56.26,6895
12/04/2017,00:00,56.26,56.64,55.50,55.55,7661
13/04/2017,00:00,55.57,56.06,55.50,55.60,6856
14/04/2017,00:00,55.60,55.68,55.56,55.62,123
17/04/2017,00:00,55.73,55.96,55.28,55.47,5321
18/04/2017,00:00,55.48,55.53,54.61,54.80,7832
19/04/2017,00:00,54.80,55.18,52.57,53.07,9571
20/04/2017,00:00,53.08,53.54,52.68,53.00,9993
21/04/2017,00:00,52.98,53.29,51.57,51.94,9887
24/04/2017,00:00,52.20,53.06,51.95,52.09,7529
25/04/2017,00:00,52.09,52.84,51.80,52.34,8494
26/04/2017,00:00,52.36,52.94,51.89,52.05,9381
27/04/2017,00:00,52.05,52.27,51.01,52.02,9794
28/04/2017,00:00,52.01,52.58,51.62,51.83,8610
01/05/2017,00:00,51.93,51.96,51.22,51.41,5437
02/05/2017,00:00,51.41,52.15,50.15,50.95,10014
03/05/2017,00:00,50.95,51.18,50.20,50.51,10344
04/05/2017,00:00,50.51,50.72,48.16,48.39,13588
05/05/2017,00:00,48.39,49.62,46.64,49.42,18065
08/05/2017,00:00,49.87,49.92,48.48,49.42,14262
09/05/2017,00:00,49.41,49.72,48.40,48.94,11104
10/05/2017,00:00,48.93,50.62,48.81,50.19,11854
11/05/2017,00:00,50.19,51.15,50.19,50.75,10241
12/05/2017,00:00,50.75,51.08,50.33,50.85,8412
15/05/2017,00:00,50.76,52.61,50.74,51.76,10660
16/05/2017,00:00,51.77,52.35,51.10,51.25,10289
17/05/2017,00:00,51.26,52.59,51.04,52.08,11539
18/05/2017,00:00,52.07,52.73,51.10,52.45,12348
19/05/2017,00:00,52.44,53.80,52.43,53.76,9240
22/05/2017,00:00,53.93,54.51,53.84,53.98,9253
23/05/2017,00:00,53.98,54.65,53.48,54.42,8659
24/05/2017,00:00,54.41,54.84,53.94,54.20,9589
25/05/2017,00:00,54.19,54.91,51.35,51.55,19374
26/05/2017,00:00,51.55,52.63,51.05,52.59,14732
29/05/2017,00:00,52.63,52.95,52.21,52.57,4641
30/05/2017,00:00,52.63,52.69,51.60,52.21,8755
31/05/2017,00:00,52.20,52.31,50.22,51.03,11867
01/06/2017,00:00,51.04,51.44,50.23,50.34,13595
02/06/2017,00:00,50.33,50.51,48.95,50.02,14965
05/06/2017,00:00,50.03,50.73,49.04,49.45,12368
06/06/2017,00:00,49.44,50.29,49.00,49.95,13475
07/06/2017,00:00,49.94,50.13,47.96,48.13,14589
08/06/2017,00:00,48.14,48.58,47.56,47.91,13966
09/06/2017,00:00,47.93,48.53,47.43,48.23,11181
12/06/2017,00:00,48.39,49.14,48.00,48.21,9742
13/06/2017,00:00,48.21,48.81,47.87,48.21,9455
14/06/2017,00:00,48.21,48.68,46.77,46.95,12510
15/06/2017,00:00,46.94,47.19,46.70,46.73,9839
16/06/2017,00:00,46.72,47.60,46.72,47.30,6946
19/06/2017,00:00,47.25,47.75,46.78,46.87,6765
20/06/2017,00:00,46.86,47.22,45.44,45.79,10179
21/06/2017,00:00,45.78,46.59,44.36,44.76,13640
22/06/2017,00:00,44.78,45.78,44.53,45.25,10350
23/06/2017,00:00,45.26,45.73,45.02,45.65,9236
26/06/2017,00:00,45.77,46.39,45.26,46.16,7929
27/06/2017,00:00,46.13,47.28,45.99,46.45,8124
28/06/2017,00:00,46.46,47.68,46.39,47.65,9616
29/06/2017,00:00,47.64,48.25,47.34,47.52,8387
30/06/2017,00:00,47.52,48.99,47.34,48.98,7141
03/07/2017,00:00,48.89,49.70,48.53,49.61,6071
04/07/2017,00:00,49.62,49.89,49.28,49.65,4517
05/07/2017,00:00,49.73,49.81,47.24,48.25,12516
06/07/2017,00:00,48.25,49.17,47.78,47.88,12553
07/07/2017,00:00,47.89,47.97,46.28,46.82,13371
10/07/2017,00:00,46.95,47.37,46.11,47.04,10945
11/07/2017,00:00,47.03,48.20,46.30,48.18,11254
12/07/2017,00:00,48.16,48.73,47.35,47.68,12851
13/07/2017,00:00,47.67,48.52,47.17,48.42,9855
14/07/2017,00:00,48.40,49.07,48.15,49.04,10255
17/07/2017,00:00,49.01,49.25,48.31,48.36,9576
18/07/2017,00:00,48.35,49.40,48.24,48.70,10328
19/07/2017,00:00,48.70,49.80,48.58,49.64,9219
20/07/2017,00:00,49.65,50.18,49.19,49.31,9352
21/07/2017,00:00,49.29,49.64,47.81,47.88,10742
24/07/2017,00:00,48.01,48.99,47.89,48.93,9986
25/07/2017,00:00,48.90,51.05,48.84,50.94,8297
26/07/2017,00:00,50.96,51.18,50.24,51.02,9261
27/07/2017,00:00,51.01,51.66,50.58,51.62,9947
28/07/2017,00:00,51.63,52.30,51.32,52.30,8169
31/07/2017,00:00,52.31,52.89,51.77,52.67,9604
01/08/2017,00:00,52.66,52.92,50.88,51.43,11019
02/08/2017,00:00,51.45,52.42,51.18,52.34,11237
03/08/2017,00:00,52.33,52.87,51.76,51.91,10275
04/08/2017,00:00,51.90,52.52,51.44,52.38,10420
07/08/2017,00:00,52.39,52.52,51.37,52.24,10303
08/08/2017,00:00,52.21,52.72,51.82,51.86,10361
09/08/2017,00:00,51.86,52.83,51.80,52.81,9891
10/08/2017,00:00,52.80,53.63,51.66,51.86,13481
11/08/2017,00:00,51.85,52.27,51.30,51.99,11573
14/08/2017,00:00,52.09,52.37,50.57,50.65,10468
15/08/2017,00:00,50.65,51.09,50.03,50.97,9989
16/08/2017,00:00,50.97,51.34,50.15,50.32,9681
17/08/2017,00:00,50.33,51.11,50.00,50.83,9157
18/08/2017,00:00,50.83,52.95,50.80,52.85,11363
21/08/2017,00:00,52.73,52.74,50.95,51.27,11163
22/08/2017,00:00,51.26,51.92,51.08,51.30,11368
23/08/2017,00:00,51.30,52.28,51.22,52.19,8588
24/08/2017,00:00,52.18,52.38,51.26,51.78,9759
25/08/2017,00:00,51.77,52.26,51.52,51.95,11056
28/08/2017,00:00,52.27,52.31,51.07,51.58,10468
29/08/2017,00:00,51.56,51.73,50.98,51.59,11792
30/08/2017,00:00,51.59,51.67,50.52,50.63,12803
31/08/2017,00:00,50.62,52.89,50.53,52.81,12513
01/09/2017,00:00,52.80,52.94,52.23,52.73,11572
04/09/2017,00:00,52.36,52.78,51.98,52.19,5378
05/09/2017,00:00,52.24,53.64,52.08,53.21,8758
06/09/2017,00:00,53.18,54.29,53.09,54.09,9693
07/09/2017,00:00,54.07,54.66,53.89,54.49,11244
08/09/2017,00:00,54.50,54.85,53.57,53.75,9574
11/09/2017,00:00,53.98,54.12,53.05,53.87,11012
12/09/2017,00:00,53.88,54.42,53.42,54.27,10402
13/09/2017,00:00,54.27,55.19,54.03,55.12,8483
14/09/2017,00:00,55.11,55.98,54.92,55.25,7974
15/09/2017,00:00,55.24,55.84,54.86,55.50,8431
18/09/2017,00:00,55.52,55.93,54.82,55.44,8505
19/09/2017,00:00,55.43,55.88,54.88,55.36,8211
20/09/2017,00:00,55.37,56.47,55.26,56.19,9394
21/09/2017,00:00,56.18,56.52,55.76,56.51,8137
22/09/2017,00:00,56.47,56.90,56.22,56.79,8092
25/09/2017,00:00,56.87,58.64,56.22,58.56,8150
26/09/2017,00:00,58.56,58.87,57.22,58.04,11619
27/09/2017,00:00,58.05,58.33,57.25,57.33,10795
28/09/2017,00:00,57.33,58.24,56.56,57.26,11324
29/09/2017,00:00,57.25,57.43,56.44,56.72,9543
02/10/2017,00:00,56.71,56.74,55.50,56.07,8358
03/10/2017,00:00,56.07,56.39,55.70,55.72,7846
04/10/2017,00:00,55.70,56.19,55.38,55.76,8974
05/10/2017,00:00,55.75,57.23,55.70,56.97,8619
06/10/2017,00:00,56.98,57.26,55.12,55.52,10317
09/10/2017,00:00,55.71,55.97,55.06,55.67,8240
10/10/2017,00:00,55.66,56.90,55.66,56.53,7707
11/10/2017,00:00,56.52,57.09,56.14,56.63,9036
12/10/2017,00:00,56.64,56.82,55.88,56.40,9004
13/10/2017,00:00,56.41,57.56,56.34,57.17,10274
16/10/2017,00:00,57.76,58.47,57.53,57.90,8778
17/10/2017,00:00,57.89,58.33,57.17,58.11,9375
18/10/2017,00:00,58.10,58.52,57.74,58.19,8928
19/10/2017,00:00,58.19,58.30,57.03,57.25,9151
20/10/2017,00:00,57.26,57.89,56.60,57.89,9024
23/10/2017,00:00,57.90,57.95,57.18,57.23,8521
24/10/2017,00:00,57.22,58.31,56.93,58.29,8909
25/10/2017,00:00,58.30,58.49,57.67,58.20,9108
26/10/2017,00:00,58.21,59.29,57.84,59.23,7114
27/10/2017,00:00,59.23,60.34,58.58,60.31,7810
30/10/2017,00:00,60.33,60.70,59.91,60.51,7547
31/10/2017,00:00,60.50,61.16,60.24,61.07,6116
01/11/2017,00:00,61.05,61.69,60.00,60.47,9120
02/11/2017,00:00,60.48,60.85,60.03,60.74,7780
03/11/2017,00:00,60.73,62.21,60.59,62.14,8526
06/11/2017,00:00,62.25,64.42,62.13,64.05,10466
07/11/2017,00:00,64.04,64.64,63.49,63.53,10222
08/11/2017,00:00,63.54,64.63,62.94,63.49,11877
09/11/2017,00:00,63.48,64.23,63.26,63.80,10293
10/11/2017,00:00,63.82,64.26,63.35,63.58,8263
13/11/2017,00:00,63.67,63.69,62.61,63.13,8244
14/11/2017,00:00,63.10,63.16,61.20,61.37,10207
15/11/2017,00:00,61.39,62.13,61.30,61.87,9434
16/11/2017,00:00,61.85,62.14,61.26,61.37,8121
17/11/2017,00:00,61.36,62.91,61.07,62.71,9671
20/11/2017,00:00,62.49,62.60,61.30,62.00,9923
21/11/2017,00:00,62.00,62.64,61.92,62.42,9805
22/11/2017,00:00,62.40,63.07,62.32,62.97,9937
23/11/2017,00:00,62.96,63.26,62.57,63.11,4401
24/11/2017,00:00,63.04,63.56,62.91,63.34,6252
27/11/2017,00:00,63.39,63.52,62.70,63.26,8391
28/11/2017,00:00,63.26,63.43,62.71,62.99,8003
29/11/2017,00:00,62.98,63.57,61.92,62.68,10238
30/11/2017,00:00,62.66,63.36,62.16,62.70,13993
01/12/2017,00:00,62.68,64.31,62.58,63.66,9777
04/12/2017,00:00,63.53,63.55,62.32,62.44,9505
05/12/2017,00:00,62.44,63.14,62.14,62.65,7546
06/12/2017,00:00,62.66,62.92,61.13,61.25,9757
07/12/2017,00:00,61.24,62.25,61.15,62.06,7290
08/12/2017,00:00,62.06,63.63,62.01,63.39,9513
11/12/2017,00:00,63.14,64.92,62.99,64.71,9917
12/12/2017,00:00,64.71,65.82,63.06,63.83,13932
13/12/2017,00:00,63.82,64.31,62.36,62.66,11109
14/12/2017,00:00,62.65,63.50,62.01,63.40,10020
15/12/2017,00:00,63.39,63.68,63.08,63.23,9345
18/12/2017,00:00,63.24,63.32,62.53,62.95,9576
19/12/2017,00:00,62.93,63.49,62.78,63.42,7833
20/12/2017,00:00,63.42,64.14,63.29,64.06,7027
21/12/2017,00:00,64.05,64.45,63.78,64.26,6858
22/12/2017,00:00,64.24,64.75,63.92,64.52,5545
26/12/2017,00:00,64.72,66.52,64.48,66.25,6627
27/12/2017,00:00,66.24,66.37,65.47,65.90,8512
28/12/2017,00:00,65.90,66.32,65.73,66.17,6320
29/12/2017,00:00,66.17,66.96,66.15,66.62,7228
02/01/2018,00:00,66.71,67.28,66.24,66.48,8870
03/01/2018,00:00,66.47,68.01,66.40,67.98,7797
04/01/2018,00:00,67.97,68.27,67.63,67.97,8486
05/01/2018,00:00,67.97,68.10,67.27,67.74,7652
08/01/2018,00:00,67.81,67.97,67.43,67.89,7333
09/01/2018,00:00,67.88,69.21,67.70,69.17,9333
10/01/2018,00:00,69.18,69.35,68.75,69.12,9222
11/01/2018,00:00,69.09,70.02,68.99,69.13,10234
12/01/2018,00:00,69.14,69.91,68.62,69.79,9858
15/01/2018,00:00,69.75,70.35,69.55,70.23,6044
16/01/2018,00:00,70.21,70.21,68.83,69.32,10331
17/01/2018,00:00,69.31,69.58,68.55,69.42,9771
18/01/2018,00:00,69.43,69.62,68.80,69.13,8780
19/01/2018,00:00,69.14,69.15,68.28,68.78,9444
22/01/2018,00:00,68.69,69.11,68.02,68.91,9206
23/01/2018,00:00,68.91,69.80,68.72,69.47,9250
24/01/2018,00:00,69.47,70.41,69.11,70.23,10452
25/01/2018,00:00,70.23,70.77,69.53,69.68,10474
26/01/2018,00:00,69.68,70.43,69.56,70.04,9504
29/01/2018,00:00,70.12,70.18,68.76,69.16,9020
30/01/2018,00:00,69.15,69.22,68.00,68.05,9240
31/01/2018,00:00,68.05,68.99,67.83,68.88,9152
01/02/2018,00:00,68.89,69.95,68.81,69.71,8309
02/02/2018,00:00,69.71,70.01,67.96,68.31,11060
05/02/2018,00:00,67.97,68.45,66.98,66.98,13250
06/02/2018,00:00,66.98,67.58,66.52,67.25,15462
07/02/2018,00:00,67.24,67.70,65.14,65.43,15454
08/02/2018,00:00,65.43,65.58,64.10,64.22,16179
09/02/2018,00:00,64.21,64.63,61.75,62.75,18132
12/02/2018,00:00,63.19,64.37,62.55,62.68,13425
13/02/2018,00:00,62.68,63.08,61.76,62.54,10522
14/02/2018,00:00,62.54,64.55,61.95,64.38,14918
15/02/2018,00:00,64.37,65.13,63.11,64.47,14455
16/02/2018,00:00,64.45,65.18,64.17,64.89,10863
19/02/2018,00:00,65.38,65.59,64.68,65.23,4664
20/02/2018,00:00,65.24,65.54,64.55,64.83,10120
21/02/2018,00:00,64.83,65.24,64.19,64.83,9743
22/02/2018,00:00,64.84,66.27,64.36,65.95,9385
23/02/2018,00:00,65.94,67.09,65.56,67.00,6673
26/02/2018,00:00,67.03,67.65,66.50,67.33,7041
27/02/2018,00:00,67.32,67.41,66.21,66.39,8557
28/02/2018,00:00,66.39,66.79,64.49,64.63,10214
01/03/2018,00:00,64.62,65.01,63.17,64.18,15764
02/03/2018,00:00,64.18,64.57,63.20,64.53,10738
05/03/2018,00:00,64.50,65.86,64.08,65.56,9301
06/03/2018,00:00,65.55,66.14,65.29,65.55,9394
07/03/2018,00:00,65.54,65.76,63.83,64.51,12047
08/03/2018,00:00,64.51,64.57,63.41,63.85,9537
09/03/2018,00:00,63.86,65.60,63.68,65.49,8402
12/03/2018,00:00,65.55,65.81,64.17,64.97,7751
13/03/2018,00:00,64.96,65.64,64.03,64.70,11349
14/03/2018,00:00,64.69,65.19,64.05,64.82,13042
15/03/2018,00:00,64.80,65.36,64.59,65.03,8311
16/03/2018,00:00,65.04,66.40,64.87,66.12,6928
19/03/2018,00:00,65.99,66.17,65.20,65.87,11338
20/03/2018,00:00,65.86,67.59,65.84,67.27,11693
21/03/2018,00:00,67.26,69.44,67.16,69.33,12367
22/03/2018,00:00,69.34,69.42,68.12,68.31,12990
23/03/2018,00:00,68.32,69.90,68.26,69.74,16967
26/03/2018,00:00,70.24,70.31,69.09,69.46,13838
27/03/2018,00:00,69.45,70.37,68.78,68.88,12876
28/03/2018,00:00,68.89,69.44,67.96,69.02,14239
29/03/2018,00:00,69.02,69.74,68.22,69.40,11177
02/04/2018,00:00,69.62,70.02,67.49,67.49,11810
03/04/2018,00:00,67.49,68.40,67.48,68.15,11856
04/04/2018,00:00,68.11,68.26,66.67,68.21,14529
05/04/2018,00:00,68.17,68.91,67.72,68.52,10843
06/04/2018,00:00,68.52,68.60,66.86,67.01,14849